"","ant.Sep.Eri.P","ant.Oct.Eri.P","ant.Nov.Eri.P","for.Dec.Eri.P","for.Jan.Eri.P","for.Feb.Eri.P","for.Mar.Eri.P","for.Apr.Eri.P","for.May.Eri.P","for.Jun.Eri.P","for.Jul.Eri.P","for.Aug.Eri.P","for.Sep.Eri.P","for.Oct.Eri.P","for.Nov.Eri.P","ant.Sep.Eri.E","ant.Oct.Eri.E","ant.Nov.Eri.E","for.Dec.Eri.E","for.Jan.Eri.E","for.Feb.Eri.E","for.Mar.Eri.E","for.Apr.Eri.E","for.May.Eri.E","for.Jun.Eri.E","for.Jul.Eri.E","for.Aug.Eri.E","for.Sep.Eri.E","for.Oct.Eri.E","for.Nov.Eri.E","ant.Sep.Eri.R","ant.Oct.Eri.R","ant.Nov.Eri.R","for.Dec.Eri.R","for.Jan.Eri.R","for.Feb.Eri.R","for.Mar.Eri.R","for.Apr.Eri.R","for.May.Eri.R","for.Jun.Eri.R","for.Jul.Eri.R","for.Aug.Eri.R","for.Sep.Eri.R","for.Oct.Eri.R","for.Nov.Eri.R","ant.Sep.Ont.P","ant.Oct.Ont.P","ant.Nov.Ont.P","for.Dec.Ont.P","for.Jan.Ont.P","for.Feb.Ont.P","for.Mar.Ont.P","for.Apr.Ont.P","for.May.Ont.P","for.Jun.Ont.P","for.Jul.Ont.P","for.Aug.Ont.P","for.Sep.Ont.P","for.Oct.Ont.P","for.Nov.Ont.P","ant.Sep.Ont.E","ant.Oct.Ont.E","ant.Nov.Ont.E","for.Dec.Ont.E","for.Jan.Ont.E","for.Feb.Ont.E","for.Mar.Ont.E","for.Apr.Ont.E","for.May.Ont.E","for.Jun.Ont.E","for.Jul.Ont.E","for.Aug.Ont.E","for.Sep.Ont.E","for.Oct.Ont.E","for.Nov.Ont.E","ant.Sep.Ont.R","ant.Oct.Ont.R","ant.Nov.Ont.R","for.Dec.Ont.R","for.Jan.Ont.R","for.Feb.Ont.R","for.Mar.Ont.R","for.Apr.Ont.R","for.May.Ont.R","for.Jun.Ont.R","for.Jul.Ont.R","for.Aug.Ont.R","for.Sep.Ont.R","for.Oct.Ont.R","for.Nov.Ont.R","ant.Sep.MiH.P","ant.Oct.MiH.P","ant.Nov.MiH.P","for.Dec.MiH.P","for.Jan.MiH.P","for.Feb.MiH.P","for.Mar.MiH.P","for.Apr.MiH.P","for.May.MiH.P","for.Jun.MiH.P","for.Jul.MiH.P","for.Aug.MiH.P","for.Sep.MiH.P","for.Oct.MiH.P","for.Nov.MiH.P","ant.Sep.MiH.E","ant.Oct.MiH.E","ant.Nov.MiH.E","for.Dec.MiH.E","for.Jan.MiH.E","for.Feb.MiH.E","for.Mar.MiH.E","for.Apr.MiH.E","for.May.MiH.E","for.Jun.MiH.E","for.Jul.MiH.E","for.Aug.MiH.E","for.Sep.MiH.E","for.Oct.MiH.E","for.Nov.MiH.E","ant.Sep.MiH.R","ant.Oct.MiH.R","ant.Nov.MiH.R","for.Dec.MiH.R","for.Jan.MiH.R","for.Feb.MiH.R","for.Mar.MiH.R","for.Apr.MiH.R","for.May.MiH.R","for.Jun.MiH.R","for.Jul.MiH.R","for.Aug.MiH.R","for.Sep.MiH.R","for.Oct.MiH.R","for.Nov.MiH.R","ant.Sep.Sup.P","ant.Oct.Sup.P","ant.Nov.Sup.P","for.Dec.Sup.P","for.Jan.Sup.P","for.Feb.Sup.P","for.Mar.Sup.P","for.Apr.Sup.P","for.May.Sup.P","for.Jun.Sup.P","for.Jul.Sup.P","for.Aug.Sup.P","for.Sep.Sup.P","for.Oct.Sup.P","for.Nov.Sup.P","ant.Sep.Sup.E","ant.Oct.Sup.E","ant.Nov.Sup.E","for.Dec.Sup.E","for.Jan.Sup.E","for.Feb.Sup.E","for.Mar.Sup.E","for.Apr.Sup.E","for.May.Sup.E","for.Jun.Sup.E","for.Jul.Sup.E","for.Aug.Sup.E","for.Sep.Sup.E","for.Oct.Sup.E","for.Nov.Sup.E","ant.Sep.Sup.R","ant.Oct.Sup.R","ant.Nov.Sup.R","for.Dec.Sup.R","for.Jan.Sup.R","for.Feb.Sup.R","for.Mar.Sup.R","for.Apr.Sup.R","for.May.Sup.R","for.Jun.Sup.R","for.Jul.Sup.R","for.Aug.Sup.R","for.Sep.Sup.R","for.Oct.Sup.R","for.Nov.Sup.R"
"1",65.75,71.39,79.43,86.39,102.46,46.06,69.01,69.79,77,46.58,59.62,64.56,62.5,22.57,51,165.658667,146.599626,162.157383,75.213603,27.481126,20.67585,19.047344,5.357802,26.615911,33.747316,96.742721,114.374599,162.082077,221.415011,115.929561,6.82,28.64,83.53,72.61,222.57,108.82,160.84,124.15,67.47,15.99,8.91,7.83,11.22,4.97,15.84,65.42,41.39,82.73,87.61,63.64,57.05,69.84,62.78,101.22,28.15,64.44,67.67,67.2,42.22,62.58,97.296,66.103,107.59,108.41,74.948,42.978,39.638,5.0062,6.9912,23.731,56.634,76.168,89.086,122.49,67.319,46.9,42.4,115.9,135.2,204,172.4,240,294,172.2,85.3,57,40.7,43.4,50.8,56.6,86.94,118.23,78.98,75.35,66.41,31.4,66.88,62.74,74.9,63.19,128.41,78.39,50.3,12.32,83.54,67.989,53.59,106.11,97.545,44.597,33.176,28.64,-0.42676,-1.6559,-3.5657,7.9453,35.836,69.444,126.55,88.049,32.4,60.8,80.8,58.8,73.9,56.5,73.9,146.1,76.2,46.8,42.9,32.3,25.5,18,30.8,127.79,79.09,58.49,48.35,48.54,21.85,46.49,45.68,37.15,106.8,141.31,87.51,39.96,20.4,54.96,32.04231,46.408597,96.989528,77.987829,48.126406,35.287686,21.19496,10.756239,6.024824,-4.214412,-4.664252,4.47397,37.492889,98.610995,87.461964,42.49,43.49,40.54,29.24,18.25,13.76,14.7,81.03,63.72,49.23,48.81,32.43,19.73,12.03,14.19
"2",62.5,22.57,51,52.22,61.52,33.19,63.75,47.72,103.05,66.51,65.66,57.33,47.88,25.83,48.93,162.082077,221.415011,115.929561,73.090375,32.086747,30.60595,19.850576,13.868374,13.791597,29.59987,89.846358,113.89042,181.180001,139.450156,141.712674,11.22,4.97,15.84,62.57,77.3,49.25,113.03,60.88,70.27,22.25,10.86,7.93,5.7,4.43,9.62,67.2,42.22,62.58,61.03,61.36,37.32,88.41,51.31,120.59,43.74,57.21,66.63,84.08,21.94,45.68,89.086,122.49,67.319,94.106,85.457,65.996,34.966,16.999,11.418,21.844,64.59,71.13,103.05,63.871,71.414,43.4,50.8,56.6,158.1,130.9,133.2,239.5,176.8,229.9,86.9,52.3,56.5,44.1,32.9,42,50.3,12.32,83.54,50.95,52.51,65.7,65.53,66.2,78.5,77.67,72.88,55.6,72.54,27.8,41.8,69.444,126.55,88.049,83.817,75.161,47.683,28.726,14.746,0.56074,-3.8827,16.277,33.291,89.778,61.833,102.29,25.5,18,30.8,50.7,41.5,41,88.9,104.4,86.2,55.7,39.2,29.5,24.2,20.8,19,39.96,20.4,54.96,34.41,51.45,50.42,52.84,52.59,112.1,109.3,86.76,89.43,71.63,26.33,49.55,37.492889,98.610995,87.461964,83.776272,59.301998,31.956647,21.662391,15.363143,-0.139769,-4.469043,-3.327958,3.007558,57.809063,50.238993,92.480226,19.73,12.03,14.19,15.33,12.05,9.51,24.39,68.19,95.84,80.55,44.49,35.18,18.61,17.05,16.58
"3",47.88,25.83,48.93,43.57,54.47,71.03,84.62,103.81,37.75,68.27,47.76,75.58,53.9,176.64,56.83,181.180001,139.450156,141.712674,115.967904,40.763115,15.157546,24.531299,4.056159,31.373072,34.334869,82.99491,125.27992,133.341808,146.918133,130.411759,5.7,4.43,9.62,40.34,69.24,106.37,162.65,154.23,29.76,23.56,13.24,10.58,6.47,145.08,31.94,84.08,21.94,45.68,55.93,58.57,82.73,88.62,98.21,41.09,69.61,27.12,87.25,76.34,97.07,79.67,103.05,63.871,71.414,107.42,113.16,42.746,55.394,11.161,13.989,21.276,61.273,77.19,72.687,58.214,72.111,44.1,32.9,42,113.4,94.2,237.7,273.2,335.7,201.6,86,43.3,36.9,65.8,94.1,108.5,72.54,27.8,41.8,59.09,41.97,56.23,65.8,100.37,58.58,127.5,60.34,52.04,115.3,142.32,48.02,89.778,61.833,102.29,126.82,99.345,33.137,56.596,12.082,0.78629,-2.4465,7.2183,43.651,54.45,61.292,82.936,24.2,20.8,19,31.8,33.9,54.8,80.8,119.2,93,68.6,41.5,27.6,33.4,103,55.5,71.63,26.33,49.55,62.77,58.28,38.12,43.8,86.96,99.17,79.67,35.96,51.68,86.74,56.05,36.89,57.809063,50.238993,92.480226,99.409004,78.365987,32.125301,46.096916,13.633836,1.217074,-4.290135,-3.474992,20.544936,45.283256,65.521155,75.156384,18.61,17.05,16.58,21.05,13.08,14.5,19.23,85.98,133.06,75.49,33.27,22.41,22.07,29.72,21.63
"4",53.9,176.64,56.83,56.03,67.46,53.17,89.13,69.19,44.33,44.08,65.12,83.26,56.45,110.16,74.72,133.341808,146.918133,130.411759,89.214437,39.200412,17.506689,20.113582,2.798247,29.188388,45.342957,78.694466,132.359871,164.063464,183.190935,171.804427,6.47,145.08,31.94,59.74,85.95,81.66,181.22,87.14,24.44,16.47,11.15,10.89,6.96,62.55,67.12,76.34,97.07,79.67,87.01,41.04,53.01,97.9,59.62,61.17,24.27,48.86,114.27,47.57,206.41,36.31,72.687,58.214,72.111,107.82,110.49,41.22,56.385,2.666,6.608,26.309,62.977,80.971,96.094,66.072,115.92,65.8,94.1,108.5,135.4,145.5,100.3,341.9,295.8,97.5,56.9,38.2,43.1,34.1,193,168.8,115.3,142.32,48.02,48.67,50.88,42.31,52.38,63.54,65.15,49.12,48.46,58.3,31.37,92.8,67.89,54.45,61.292,82.936,105.62,78.738,42.372,43.438,1.5981,2.0357,0.32286,18.843,68.278,85.623,71.626,125.56,33.4,103,55.5,46.6,45.6,35,71.3,118,57.9,36.1,22.4,19.9,20.8,28.6,41.9,86.74,56.05,36.89,23.09,43.35,48.43,81.68,48.92,60.08,41.63,76.84,91.57,86.68,87.64,89.75,45.283256,65.521155,75.156384,103.057253,94.142839,52.002087,49.46972,6.569144,4.899808,-3.824955,-3.071316,13.403743,64.792803,55.939192,99.944817,22.07,29.72,21.63,14.76,12.3,12.18,12.48,93.03,67,38.67,24.61,23.62,20.91,27.91,29.58
"5",56.45,110.16,74.72,37.24,22.6,54.07,98.68,86.61,138.63,76.23,88.14,125.1,43.54,36.58,42.84,164.063464,183.190935,171.804427,78.16785,39.402613,23.345739,16.950795,5.479985,13.471918,29.82995,67.543591,96.614259,161.786761,125.368249,171.723021,6.96,62.55,67.12,32.8,10.28,95.78,181.18,113.33,142.55,33.52,17.85,28.1,7.48,6.13,9.01,47.57,206.41,36.31,39.99,41.43,57.02,77.54,90.85,107.37,35.12,69.57,110.16,69,27.75,46.45,96.094,66.072,115.92,127.77,87.551,45.722,49.005,10.244,3.9272,13.854,46.013,57.427,89.894,57.944,82.745,34.1,193,168.8,111.4,76.2,101.4,253.6,368.1,282.4,113.4,60.3,50.5,57.5,46.3,34.8,31.37,92.8,67.89,45.39,24.12,41.92,53.85,66.13,93.24,65.35,90.58,91.11,51.48,18.22,62.07,85.623,71.626,125.56,123.9,56.014,36.494,29.916,9.1226,-1.4484,-2.5083,8.028,23.051,72.115,41.538,106.66,20.8,28.6,41.9,33.7,29,26.8,53.3,110.6,119.6,49.6,43.6,34.7,28.7,24.9,27.2,86.68,87.64,89.75,55.92,44.23,25.1,22.45,34.23,90,60.35,81.32,74.84,68.19,31.28,66.04,64.792803,55.939192,99.944817,115.967523,70.264917,58.977733,46.202119,23.324378,0.774205,-3.962263,-4.019387,11.701432,51.254501,47.445574,106.8318,20.91,27.91,29.58,16.59,14.34,10.57,9.11,56.94,93.76,56.32,39.13,23.56,20.85,16.14,16.47
"6",43.54,36.58,42.84,61.67,63.76,57.09,37.23,124.8,78.73,125.96,82.79,44.66,94.84,60.44,67.79,161.786761,125.368249,171.723021,67.579141,40.754586,13.591982,18.488438,4.773267,25.276095,28.297091,72.708272,131.888137,147.453428,176.592123,135.570096,7.48,6.13,9.01,65.45,63.85,79.93,77.93,181.29,53.48,44.42,44.54,6.75,17.02,29.89,40.31,69,27.75,46.45,52.76,68.07,46.66,36.17,69.65,74.18,98.25,60.39,24.76,85.04,34.62,53.49,89.894,57.944,82.745,92.232,103.48,37.141,34.303,13.705,11.264,15.927,55.394,88.298,79.222,76.852,88.255,57.5,46.3,34.8,126.2,127.8,122.6,205.8,191.6,133.5,83.6,74.4,38.6,38.8,27.7,66.6,51.48,18.22,62.07,45.31,46.76,34.03,37.82,71.13,90.71,99.37,68.47,44.88,83.67,68.79,87.9,72.115,41.538,106.66,97.043,92.301,34.807,29.332,10.749,-0.98463,-4.198,1.0958,49.837,64.924,73.335,102.18,28.7,24.9,27.2,35,29.8,33.8,54.3,86.8,78.3,49.3,60,24.2,28.4,30.1,60.3,68.19,31.28,66.04,65.31,31.36,37.5,40.01,62.56,39.24,88.41,52.38,45.55,96.07,28.42,89.47,51.254501,47.445574,106.8318,97.95416,95.379357,28.831042,14.802757,9.359003,6.649589,-4.09474,-3.30638,10.392187,59.765662,63.685586,96.918153,20.85,16.14,16.47,11.88,7.37,8.19,12.28,72.84,89.2,57.18,40.31,21.49,27.7,18.99,26.81
"7",94.84,60.44,67.79,84.62,44.38,26.69,27.84,54.01,44.5,104.54,112.99,91.28,91.67,47.22,76.75,147.453428,176.592123,135.570096,72.545827,38.991115,33.096162,15.657294,5.086855,26.607918,40.109692,56.31577,113.511436,128.706676,163.459341,150.605117,17.02,29.89,40.31,113.02,44.77,32.4,68.98,61.19,31.46,44.13,30.56,19.68,15.52,6.2,33.31,85.04,34.62,53.49,74.46,60.12,76.13,21.19,57.4,46.32,73.55,77.57,86.63,101.61,61.52,69.43,79.222,76.852,88.255,92.199,105.64,72.779,20.338,9.9099,10.796,33.618,32.436,72.722,71.027,82.89,91.809,38.8,27.7,66.6,153.5,103.5,77.9,226.7,221.1,136.1,98.3,54.1,42,67.3,66.3,84.6,83.67,68.79,87.9,66.59,38.66,29.54,17.49,35.63,32.16,66.3,68.59,62.39,86.23,51.75,72.94,64.924,73.335,102.18,96.973,66.712,54.827,29.572,12.342,5.412,0.3978,6.5142,47.564,51.605,70.325,128.17,28.4,30.1,60.3,60.5,44.4,30.8,56.1,63.5,35.8,30.3,35,23.3,26.7,24.4,29.1,96.07,28.42,89.47,38.15,39.99,24.4,16.97,27.74,38.01,83.93,88.74,98.06,80.7,43.67,91.91,59.765662,63.685586,96.918153,94.870063,59.550779,45.693809,33.251194,22.376914,5.964804,-4.079292,-3.745811,16.960787,40.341171,56.383928,106.027403,27.7,18.99,26.81,18.94,16.09,13.09,15.08,53.17,51.78,46.72,44.15,24.27,33.36,21.85,28.65
"8",91.67,47.22,76.75,34.5,108.9,81.59,75.27,85.36,77.92,48.33,60.87,70.71,62.79,102.7,75.38,128.706676,163.459341,150.605117,90.941371,27.948342,12.460744,14.275558,2.813963,6.526712,38.430618,75.032184,92.658574,158.737171,178.328442,150.202223,15.52,6.2,33.31,22.15,106.43,150.63,143.36,137.78,74.76,15.85,8.99,6.5,5.99,62.58,58.53,101.61,61.52,69.43,45.02,89.7,72.72,55.78,70.76,57.85,38.39,82.52,50.46,53.05,113.63,70.66,71.027,82.89,91.809,136.7,90.735,57.286,38.172,6.7621,-0.24237,6.4177,29.139,52.76,96.025,97.158,98.913,67.3,66.3,84.6,86.1,116.3,116.4,230.2,405,150.3,58,50.8,37.9,30.5,112.4,135.9,86.23,51.75,72.94,46.68,55.46,59.29,58.16,81.02,80.37,34.43,68.48,114.23,98.26,114.79,82.24,51.605,70.325,128.17,136.73,69.498,32.764,19.007,3.9517,-0.82632,-1.6006,13.671,18.886,74.262,79.793,105.32,26.7,24.4,29.1,26.4,24.5,26.4,65.2,154.4,96.9,37.6,26.9,26.5,28,51.6,68.1,80.7,43.67,91.91,48.73,31.23,25.81,30.74,34.74,110.69,66.85,54.57,155.3,126.85,85.99,45.72,40.341171,56.383928,106.027403,116.955361,74.587216,30.444421,24.921353,13.605666,-0.18862,-4.34294,-3.276635,-4.766745,36.552137,72.033357,114.726739,33.36,21.85,28.65,18.54,12.69,11.29,13.84,49.98,94.24,53.73,28.8,29.11,32.29,38.05,25.37
"9",62.79,102.7,75.38,78.74,80.53,66.37,39.67,71.85,98.15,96.6,77.74,64.19,33.64,37.08,45.81,158.737171,178.328442,150.202223,60.500541,34.649841,29.94271,25.440407,1.404405,5.887241,30.465449,77.415156,96.807938,133.465056,193.793109,133.773637,5.99,62.58,58.53,98.48,101.83,90.94,69.4,101.9,65.07,47.81,17.6,8.27,5.11,5.12,11.57,53.05,113.63,70.66,97.62,68.93,103.36,40.2,73.07,102.62,76.44,44.7,59.61,14.91,61.35,41.78,96.025,97.158,98.913,86.808,89.361,51.122,56.621,4.8114,-1.7998,3.4341,43.229,62.858,73.384,90.797,70.399,30.5,112.4,135.9,225.3,138.6,176.9,138.9,467.5,223.3,116.6,55.8,37.3,27,33.1,53.2,98.26,114.79,82.24,65.71,64.6,54.84,41.84,81.86,131.29,96.04,79.59,63.36,71.5,52.31,67.64,74.262,79.793,105.32,74.225,62.387,39.998,35.408,0.95315,-7.3517,-5.958,-6.4201,21.664,60.095,78.895,88.381,28,51.6,68.1,61.1,55.6,43.4,47.5,166.7,171.1,75,53.8,33.1,29.1,23.4,44.6,126.85,85.99,45.72,35.74,44.66,25.2,23.64,109.14,94.16,60.23,71.34,68.59,65.51,52.42,80.03,36.552137,72.033357,114.726739,83.06328,65.558196,48.866717,36.901413,9.546136,0.346132,-4.035502,-3.86339,8.931787,50.962509,70.082722,84.625031,32.29,38.05,25.37,18.42,14.85,9.69,8.85,86.98,122.32,53.65,31.18,23.93,18.93,15.72,31.19
"10",33.64,37.08,45.81,27.7,26.85,67.86,66.04,136.71,59.77,85.45,82.31,79.4,88.62,41.92,55.8,133.465056,193.793109,133.773637,116.184587,30.263998,10.635145,16.805104,1.959894,21.721878,31.566101,49.601197,100.745593,147.705781,170.932297,153.645234,5.11,5.12,11.57,8.35,15.77,84.62,143.61,182.94,62.45,32.38,14.02,12.08,8.66,6.63,28.53,14.91,61.35,41.78,31.79,28.11,73.56,59.14,98.35,73.95,101.14,73.29,65.95,24.01,37.3,73.98,73.384,90.797,70.399,141.92,97.357,29.177,33.459,10.686,2.969,9.5103,24.787,65.321,79.753,80.677,86.91,27,33.1,53.2,44.9,43.1,100.4,241.1,254.3,180.9,112.5,60.6,36.5,31.7,26.5,57,71.5,52.31,67.64,32.78,24.59,36.8,64.49,51.52,39.63,81.32,71.44,60.23,147.25,54.94,62.21,60.095,78.895,88.381,131.36,73.019,30.572,30.954,9.1891,1.9604,-2.7773,5.5443,31.946,62.395,57.667,101.84,29.1,23.4,44.6,33.4,25.8,30.1,64.3,82.8,65.3,44.4,35,26.9,37.5,38.7,46.7,65.51,52.42,80.03,31.14,26.35,41.74,48.97,39.22,61.86,45.63,52.57,42.35,115.27,58.93,53.15,50.962509,70.082722,84.625031,119.435547,68.074663,23.793947,25.342745,16.818655,5.611258,-3.979799,-3.202531,17.106822,59.657088,55.526899,100.055665,18.93,15.72,31.19,19.44,13.52,12.85,21.42,62.87,80.17,44.2,26.17,17.37,26.68,31.76,31.72
"11",88.62,41.92,55.8,41.42,60.15,51.62,47.99,35.61,47.19,59.75,66.28,59.95,79.37,60.48,53.88,147.705781,170.932297,153.645234,105.511697,38.673683,16.748605,13.095049,4.928443,10.516581,32.636807,93.70964,102.739809,164.643627,146.750985,114.685321,8.66,6.63,28.53,31.67,72.63,58.53,119.69,44.66,19.68,15.31,11.01,7.01,11.05,13.1,35.57,24.01,37.3,73.98,54.47,72.17,65.33,23.79,60.21,54,56.91,68.59,67.26,99.32,78.2,45.43,79.753,80.677,86.91,112.72,117.28,48.807,24.464,10.638,1.0645,9.6374,71.419,53.885,96.939,66.406,78.086,31.7,26.5,57,96.8,89.8,71.3,193.5,258.3,102.1,46.1,38,43.6,36.9,74.2,99.8,147.25,54.94,62.21,51.65,72.39,58.87,29.39,40.97,65.19,60.7,56.08,61.8,78.3,63.94,27.47,62.395,57.667,101.84,116.12,77.076,34.874,15.938,8.0388,0.55695,-1.7936,12.491,34.877,76.288,73.512,91.787,37.5,38.7,46.7,42.3,33.2,30.2,75.2,105,85.9,38.8,27.5,23,23.5,22.7,25.3,115.27,58.93,53.15,50.99,39.8,53.42,18.96,37.75,86.85,37.89,50.98,95.32,83.03,24.66,27.01,59.657088,55.526899,100.055665,99.644097,97.168836,27.887123,26.522375,19.548253,2.442324,-3.864746,-3.331644,10.425515,48.288611,63.671455,88.746184,26.68,31.76,31.72,22.97,12.6,11.8,15.94,51.51,94.86,47.3,27.48,25.96,26.96,15.95,15.2
"12",79.37,60.48,53.88,51,32.06,22.51,102.16,62.89,50.52,45.18,62.4,57.1,38.15,23.51,50.23,164.643627,146.750985,114.685321,98.025597,32.311225,18.599909,9.075024,3.079437,12.525763,34.431959,73.895606,120.919023,140.772769,116.300904,149.695233,11.05,13.1,35.57,23.76,17.08,23.03,175.08,69.22,29.24,11.81,10.6,7.99,5.3,4.2,19.33,99.32,78.2,45.43,63.56,47.21,35.63,59.12,68.1,75.76,20.3,49.88,87.8,28.86,9.64,117.5,96.939,66.406,78.086,119.25,95.996,56.209,20.816,8.0135,2.1565,10.337,44.851,76.446,89.864,54.009,70.745,36.9,74.2,99.8,79.7,50.8,40.4,203.1,306.8,160.9,53.2,39.2,48.1,32,23.9,64.6,78.3,63.94,27.47,60.59,41.5,29.31,62.96,44.59,77.33,45.8,70.86,66.23,65.69,23.81,63.58,76.288,73.512,91.787,125.43,78.251,34.337,9.3669,8.9794,1.5413,-1.34,5.8249,33.402,61.131,43.681,104.3,23.5,22.7,25.3,25.1,23.2,21.9,59.9,90.5,71.6,36.8,27.4,26,22.6,17.1,21.7,83.03,24.66,27.01,48.41,37.6,30.07,43.8,59.31,51.34,105.91,49.78,75.14,52.22,25.35,56.03,48.288611,63.671455,88.746184,108.64903,65.144403,36.060448,15.173237,13.762922,3.189968,-4.54414,-3.69173,8.470447,36.421731,29.015196,85.033161,26.96,15.95,15.2,14.59,12.27,8.65,15.12,59.14,65.04,57.51,27.42,22.52,17.57,13.58,16.38
"13",38.15,23.51,50.23,35.79,45.56,37.36,79.54,98.37,56.92,65.2,56.58,96.52,46.01,29.36,32.59,140.772769,116.300904,149.695233,111.807103,32.170356,22.287663,20.188785,5.211971,24.853289,33.604598,84.686021,126.397449,153.024213,160.017352,124.881185,5.3,4.2,19.33,11.94,61.72,32.18,167.18,147.07,41.38,17.77,11.11,19.1,7.2,5.05,6.65,28.86,9.64,117.5,61.81,59.34,31.52,77.56,75.36,62.12,34.42,73.57,95.64,16.17,30.84,47.5,89.864,54.009,70.745,144.48,82.464,61.545,44.237,10.866,2.392,16.258,47.206,81.646,85.302,83.147,76.665,32,23.9,64.6,112.8,120.5,102.2,232.7,222.1,124.9,62.3,41.8,40.7,28.5,23.4,32.8,65.69,23.81,63.58,53.16,43.61,21.55,52.23,71.01,71.87,37.94,79.52,89.12,95.58,26.72,67.79,61.131,43.681,104.3,144.44,71.294,53.485,56.929,11.416,0.6965,-2.2478,12.263,61.228,72.3,79.686,92.314,22.6,17.1,21.7,26.4,30.8,26.9,42.2,77.2,71.9,34.7,27.2,23.8,24,26.1,24.6,52.22,25.35,56.03,46.24,48.96,32.59,41.91,86.54,108.12,88.95,51.38,109.1,109.47,45.52,62.08,36.421731,29.015196,85.033161,126.213647,75.277185,54.68508,56.430275,9.573736,0.57745,-4.057162,-3.401565,18.187824,44.369991,64.580648,79.114154,17.57,13.58,16.38,13.76,10.85,10.37,12.58,68.77,121.05,66.72,40.09,34.53,36.49,34.37,29.65
"14",46.01,29.36,32.59,55.24,80.69,76.96,60.12,61.96,62.99,51.14,56.73,82.18,78.72,83.38,64.53,153.024213,160.017352,124.881185,83.684156,42.154509,19.08815,19.039901,3.674582,9.65101,38.208134,86.804775,110.934668,109.312606,180.793522,124.375098,7.2,5.05,6.65,62.77,110.36,105.47,138.55,109.65,33.71,16.17,10.11,7.84,9.06,46.75,30.81,16.17,30.84,47.5,63.7,76.24,101.56,43.8,60.01,26.64,44.52,62.83,90.83,76.69,89.2,94.4,85.302,83.147,76.665,98.878,118.46,57.866,44.35,10.804,1.0927,15.953,58.642,72.007,62.427,89.585,77.534,28.5,23.4,32.8,95.6,106.7,165.8,162.9,244.2,113.9,48.8,41,34.9,39.4,78.6,138.7,95.58,26.72,67.79,56.63,76.4,63.79,51.91,71.34,68.24,49.43,50.63,97.55,161.78,59.63,78.75,72.3,79.686,92.314,114.71,84.313,46.674,32.929,-0.37087,-2.881,-1.8119,12.701,41.274,44.715,65.082,81.953,24,26.1,24.6,41,37.8,46.8,64,127.5,99.9,38.5,26,26.9,42.7,52,51.7,109.47,45.52,62.08,63.42,46.11,63.74,40.1,44.16,98.92,62.42,80.89,89.13,134.17,58.9,106.14,44.369991,64.580648,79.114154,105.511248,105.163007,48.702453,26.096612,9.86712,0.556012,-4.15448,-3.649814,8.806295,52.282289,43.833282,84.707972,36.49,34.37,29.65,23.06,17.92,14.72,15.7,74.69,115.92,54.79,35.88,29.27,37.03,49.69,34.09
"15",78.72,83.38,64.53,71.37,43.42,49.1,64.45,63.07,47.84,65.54,68.42,83.76,52.88,42.36,98.49,109.312606,180.793522,124.375098,67.576788,48.163767,14.017897,15.498455,4.881002,29.046926,25.691305,93.688596,108.920918,170.290349,165.258639,109.307772,9.06,46.75,30.81,78.73,41.91,77.29,97.25,65.44,67.27,25.35,21.78,11.37,7.82,5.99,89.28,76.69,89.2,94.4,51.04,75.62,59.49,59.05,39.07,37.37,53.35,38.29,70.08,80.71,24.81,111.04,62.427,89.585,77.534,72.877,115.82,38.696,36.294,11.37,11.293,11.323,72.056,72.428,100.58,77.032,59.731,39.4,78.6,138.7,174.6,114.9,143,295.4,160.7,115.6,67.6,37.4,36.3,39.1,36,80.3,161.78,59.63,78.75,72.46,44.87,43.07,73.09,48.61,43.7,42.86,38.52,71.57,50.07,51.13,120.29,44.715,65.082,81.953,87.393,83.762,33.995,25.29,16.57,4.4596,-1.1848,15.821,55.3,95.21,85.135,89.31,42.7,52,51.7,72.9,57.5,58.6,90.7,83.1,68,47.4,25.5,22.5,19.1,29.9,54.7,134.17,58.9,106.14,56.23,57.15,36.11,67.16,39.11,47.98,47.97,62.25,112.44,49.37,90.02,61.08,52.282289,43.833282,84.707972,82.643996,100.001516,36.38266,31.589999,15.359378,0.792696,-4.068946,-3.716393,15.279396,59.330665,67.923745,93.882134,37.03,49.69,34.09,26.38,22.14,21.89,41.35,73.83,103.22,65.41,34.94,36.63,20.95,42.72,29.22
"16",52.88,42.36,98.49,99.14,59.6,37.63,50.61,80.59,71.23,88.23,63.66,59.97,70.1,87.08,77.71,170.290349,165.258639,109.307772,82.812535,32.634369,35.836126,16.333048,3.323074,19.528943,28.171115,68.233334,117.366497,146.199819,146.281117,138.859309,7.82,5.99,89.28,155.68,50.26,66.06,112.86,93.46,85.13,23.65,13.78,7.18,18.58,51.04,64.12,80.71,24.81,111.04,75.62,47.42,42.35,25.2,64.85,70.99,76.97,55.82,71.37,101.68,92.67,77.59,100.58,77.032,59.731,111.33,84.532,75.618,35.437,11.93,8.7668,14.376,45.691,75.928,91.388,76.238,105.12,39.1,36,80.3,188.7,134.4,91.1,132.2,220.2,157.4,75.3,59.5,45.2,54,135.2,222.9,50.07,51.13,120.29,74.87,73.63,52.3,36.37,94.1,47.67,134.34,41.69,71.62,58.31,97.26,78.55,95.21,85.135,89.31,105.97,67.373,49.947,27.792,3.3908,0.95945,-3.167,6.8583,46.514,68.096,69.132,107.44,19.1,29.9,54.7,86.2,56.2,46.1,70.5,161.9,95.8,66.3,40.7,27,25.9,42.7,71.3,49.37,90.02,61.08,55.73,66.89,45.86,41.98,72.34,29.21,99.04,51.01,89.85,33.16,91.96,51.89,59.330665,67.923745,93.882134,102.782018,85.483203,44.787007,24.754436,7.310205,3.949484,-4.226085,-3.222135,16.994575,54.027937,61.960772,92.474763,20.95,42.72,29.22,25.37,18.1,14.72,20.88,99.14,86.49,63.21,31.23,26.96,17.67,29.36,28.44
"17",70.1,87.08,77.71,90.25,88.05,40.09,59.52,48.32,109.08,96.18,79.05,82.33,69.95,64.22,92.83,146.199819,146.281117,138.859309,64.543715,25.464028,20.671782,14.539165,4.8016,10.787948,29.514435,67.751078,104.945858,114.683139,167.679218,131.105187,18.58,51.04,64.12,124.25,84.36,97.68,102.18,58.9,78.01,53.99,21.19,11.62,7.59,9.36,67.48,101.68,92.67,77.59,55.06,71.66,42.53,50.35,31.16,96.7,88.64,32.79,81.38,85.77,74.42,119.37,91.388,76.238,105.12,96.549,90.717,76.846,25.348,6.6718,1.3473,11.714,45.844,69.093,63.196,79.654,93.581,54,135.2,222.9,170.4,108.4,140.5,213,172.8,123.5,97.6,73.5,41.7,53.9,52.6,159.6,58.31,97.26,78.55,70.82,44.57,54.1,30.14,60.91,73.72,109.13,58.11,81.94,98.32,54.71,69.07,68.096,69.132,107.44,87.02,61.24,53.872,25.551,9.1532,1.0105,-2.8123,6.8502,23.717,39.052,73.068,94.645,25.9,42.7,71.3,69.2,49.2,60.6,70,91.5,64.8,58.2,47.7,34.2,39.1,32.6,36.2,33.16,91.96,51.89,44.93,31.38,37.67,55.94,88.07,68.53,143.47,144.05,101.71,120.41,94.72,32.78,54.027937,61.960772,92.474763,106.027336,84.176527,57.542914,24.314561,10.571045,0.608177,-4.730698,-4.960263,-8.197914,12.845393,46.296373,97.661776,17.67,29.36,28.44,19.69,13.88,11.94,31.1,89.39,78.85,77.57,59.51,41.63,41.05,47.35,31.84
"18",69.95,64.22,92.83,85.09,91.66,29.42,36.45,120.75,112.84,104.59,125.83,40.27,65.11,58.78,67.17,114.683139,167.679218,131.105187,101.33864,30.840198,18.399702,20.793891,-0.723373,6.881771,26.358767,49.626204,104.538932,152.056239,175.725787,126.144606,7.59,9.36,67.48,108.17,127.62,82.27,64.47,153.16,117.44,45.56,62.3,6.91,15.48,10.11,56.34,85.77,74.42,119.37,77.16,74.86,22.23,41.85,95.72,83.32,96.2,69.98,43.42,26.1,55.15,90.02,63.196,79.654,93.581,144.55,86.713,47.924,52.156,6.6007,1.3985,7.3165,32.795,70.104,90.455,91.774,76.653,53.9,52.6,159.6,196.4,154.4,145.1,153.9,306.9,231.7,124.5,67.6,38,28.2,38.6,112.8,98.32,54.71,69.07,88.13,74.71,19.76,37.53,70.71,81.39,144.4,75.8,21.07,56.59,121.48,66.46,39.052,73.068,94.645,124.72,67.748,30.178,38.947,8.2635,-2.1335,-2.4845,-3.2774,25.4,87.906,90.538,95.478,39.1,32.6,36.2,49.3,49.9,52.2,61.2,124.2,101.5,64.8,57.4,29,19.9,40.2,57.2,120.41,94.72,32.78,85.24,88.4,26.9,22.37,49.95,58.13,61.44,56.72,75.3,59.86,70.57,41.04,12.845393,46.296373,97.661776,105.704419,80.7332,39.513872,35.135669,11.227722,1.818031,-3.966634,-3.649037,7.017497,59.99052,78.130618,85.819175,41.05,47.35,31.84,27.13,21.21,16.93,18.89,101.92,92.81,53.44,35.79,26.66,20.02,30.99,26.69
"19",65.11,58.78,67.17,55.43,40.53,41.52,55.79,81.86,83.71,82.46,107.26,37.14,103.32,94.3,80.11,152.056239,175.725787,126.144606,81.954766,29.360848,15.319906,15.802032,2.973852,3.255197,30.797558,49.306132,114.739693,122.835011,135.078932,151.247698,15.48,10.11,56.34,32.35,28.96,74.78,104.01,123.74,56.58,27.08,20.64,6.6,14.25,24.4,44.4,26.1,55.15,90.02,74.85,50.23,56.91,47.43,65.85,71.58,76.26,92.47,60.19,74.62,93.79,79.13,90.455,91.774,76.653,130.73,84.952,48.141,33.339,11.03,0.85488,10.581,26.617,76.081,70.888,57.988,78.994,28.2,38.6,112.8,119.5,66.3,119,160.8,304.1,149.6,69.3,67.5,34.6,49.8,85.5,137.2,56.59,121.48,66.46,38.88,52.13,26.14,51.16,58.8,90.45,61.91,107.9,31.47,153.43,72.34,65.19,87.906,90.538,95.478,117.75,60.773,41.458,29.307,5.6459,-3.1041,-4.9876,2.909,41.903,51.054,53.189,100.24,19.9,40.2,57.2,42.1,35.6,31.8,48.3,105.6,89.2,76.8,46.5,26.4,38,42.6,58.3,59.86,70.57,41.04,43.4,55.41,34.57,29.03,62.07,128.89,62.36,104.18,41.33,105.19,107.2,77.8,59.99052,78.130618,85.819175,103.984097,83.619315,48.086481,32.655379,9.423346,0.09563,-4.411777,-4.091928,20.681836,61.283393,47.998659,81.424963,20.02,30.99,26.69,16.98,15.42,12.27,11.9,64.32,115.71,67.43,39.53,22.96,27.32,44.85,55.29
"20",103.32,94.3,80.11,62.65,43.34,90.54,54.7,35,66.64,67.7,64.8,64.29,75.94,45.32,58.29,122.835011,135.078932,151.247698,89.110481,39.620197,10.30295,17.196403,5.534422,10.09063,20.750944,89.664554,97.136451,103.326088,116.614069,176.598188,14.25,24.4,44.4,70.35,31.24,120.68,100.97,55.91,53.35,19.37,11.08,10.31,11.28,6.79,10.96,74.62,93.79,79.13,83.78,50.76,114.86,59.74,34.05,39.46,78.33,81.67,84.53,51.88,43.58,54.16,70.888,57.988,78.994,127.46,107.35,41.423,46.485,12.903,1.3704,1.2809,52.141,71.464,55.028,48.691,106.42,49.8,85.5,137.2,143.8,80.1,102.2,236.6,362.5,238,68.7,44.9,51.8,47.7,35,47,153.43,72.34,65.19,65.67,70.53,75.63,58.77,30.83,59.28,61.9,75.66,63.3,63.82,41.7,63.5,51.054,53.189,100.24,104.84,76.238,28.674,19.269,5.3497,1.2008,-2.4486,12.008,35.581,44.171,31.755,110.18,38,42.6,58.3,57.4,37,43.3,81.1,137.7,94.2,49.6,31.8,26.2,24.8,28.8,30.5,105.19,107.2,77.8,60.21,56.41,72.13,48.68,37.66,96.56,80.72,65.39,58.59,82.91,104.61,73.45,61.283393,47.998659,81.424963,94.577223,117.550369,30.088944,31.213863,10.574446,1.788088,-4.31135,-2.969424,17.6856,46.810447,45.094044,95.986258,27.32,44.85,55.29,35.02,19.84,18.39,21.78,96.89,116.07,70.65,37.57,28.83,21.22,42.54,54.73
"21",75.94,45.32,58.29,88.96,43.66,50.56,80.69,99.99,85.64,98.94,92.77,92.39,131.73,72.35,104.93,103.326088,116.614069,176.598188,82.951538,51.36631,21.252999,16.998401,3.205522,3.817148,35.502859,50.816138,91.111374,122.854819,165.857872,110.318314,11.28,6.79,10.96,102.84,62.93,48.7,144.14,149.26,63.85,61.29,26.74,12.57,46.27,39.31,110.4,51.88,43.58,54.16,84.47,53.14,87.77,78.98,62.33,85.23,121.1,70.49,85.38,68.84,76.79,100.03,55.028,48.691,106.42,100.86,111.68,59.786,42.56,14.07,-0.14523,7.1069,30.858,57.364,79.217,98.831,82.442,47.7,35,47,133,136.8,101.9,208.4,345.5,251.4,187.3,173.4,69.9,39.9,84.2,201.1,63.82,41.7,63.5,106.74,46.37,48.38,68.9,53.12,53.2,71.4,90.35,123.74,101.51,64.47,51,44.171,31.755,110.18,100.87,101.25,40.612,33.053,3.2277,-1.4731,-1.4034,-3.1189,12.909,51.677,77.52,71.86,24.8,28.8,30.5,60.1,43.5,34.5,59.7,128.7,120.7,48.6,42,40.7,42.1,51.1,57,82.91,104.61,73.45,56.15,79.29,43.65,67.64,42.73,52.53,53.53,115.4,126.27,102.15,40.1,56.63,46.810447,45.094044,95.986258,111.03493,104.827084,54.02828,27.280372,9.574627,0.765744,-3.946654,-3.784791,1.429953,43.448372,68.904063,68.246368,21.22,42.54,54.73,33.42,23.74,16.96,19.23,71.11,127.11,57.21,42.58,43.86,37.05,30.76,30.93
"22",131.73,72.35,104.93,96.95,72.3,38.97,138.44,75.11,102.99,130.11,87.89,64.2,51.51,81.9,74.39,122.854819,165.857872,110.318314,58.31614,31.677766,27.833643,7.098167,5.336879,14.842323,20.378827,70.288993,93.479431,164.379705,144.723692,149.450797,46.27,39.31,110.4,105.17,85.7,51.88,187.28,94.25,61.62,55.98,19.79,9.87,6.19,16.17,60.86,68.84,76.79,100.03,100.19,45.32,51.58,92.95,104.73,83.56,63.86,43.95,33.86,54.94,90.19,88.55,79.217,98.831,82.442,95.56,83.876,52.7,15.441,11.458,0.17123,2.1198,43.047,53.57,105.55,67.206,92.973,39.9,84.2,201.1,228.2,220.6,168.5,332.6,308.2,193.8,110.5,51.3,39,45.8,54.7,120.2,101.51,64.47,51,98.14,44.93,37.24,71.59,63.21,124.09,85.94,64.23,64.44,60.93,75.83,61.69,51.677,77.52,71.86,95.16,49.101,39.964,0.50829,6.5705,-3.6464,-4.7479,9.2195,17.278,77.899,56.416,106.37,42.1,51.1,57,45,85.3,51.5,123.9,114.2,114.3,70,38.2,35.1,24.5,28.4,43.1,102.15,40.1,56.63,62.5,37.17,34.63,56.54,40.58,99.44,88.27,86.67,102.86,77.3,48.87,52.32,43.448372,68.904063,68.246368,108.659046,80.261168,48.488471,10.82735,18.255155,0.758556,-4.125925,-3.669,7.645381,58.313973,44.813868,99.753359,37.05,30.76,30.93,16.25,14.44,13.48,48.68,67.76,90.44,51.99,34.5,30.03,22.92,31.49,25.63
"23",51.51,81.9,74.39,80.82,79.31,62.56,88.45,77.23,109.81,82.65,46.94,65.22,70.12,34.87,103.19,164.379705,144.723692,149.450797,98.377059,27.031748,26.282261,18.099778,3.872687,15.67523,32.550185,72.20955,100.608412,160.798773,149.089384,113.787385,6.19,16.17,60.86,92.37,137.54,96.9,169.01,121.12,96.93,27.49,13.4,8,10.81,5.9,76.53,54.94,90.19,88.55,107.49,66.47,48.57,74.16,65.64,108.38,84.43,67.54,52.15,68.34,38.86,81.09,105.55,67.206,92.973,108.35,80.86,56.822,52.11,9.3185,1.4859,4.1005,35.192,54.856,97.488,87.62,69.515,45.8,54.7,120.2,191.3,204.9,171.8,234.5,308.8,243.4,96.2,75,46.2,47.5,46.8,120.3,60.93,75.83,61.69,68.09,79.13,48.13,54.42,77.55,86.27,96.6,63.87,63.72,76.14,54.06,60.11,77.899,56.416,106.37,111.62,55.142,47.325,38.757,5.1664,-0.0039218,-3.4381,3.4756,38.352,76.993,67.571,87.273,24.5,28.4,43.1,51.8,62.6,53.7,93.5,130.2,103.3,66.3,40.5,27.5,26.3,32.3,49.2,77.3,48.87,52.32,49.68,56.01,34.96,30.94,79.89,70.12,103.44,89.41,109.14,71.98,57.27,72.39,58.313973,44.813868,99.753359,105.139754,81.958842,54.150532,48.878921,7.141117,2.40023,-4.719749,-4.495333,6.022844,57.475919,48.911636,80.360349,22.92,31.49,25.63,21.5,14.33,10.58,14.16,70.2,99.03,71.91,39.89,34.02,26.33,29.67,37.11
"24",70.12,34.87,103.19,67.68,91.56,77.18,62.67,55.76,72.15,107.58,54.86,166.93,79.8,59.41,74.89,160.798773,149.089384,113.787385,74.416948,32.339192,23.224398,21.932513,9.11995,2.215563,22.97462,86.397738,96.184583,164.35816,137.2505,115.399316,10.81,5.9,76.53,87.55,120.7,123.34,121.46,78.31,45.96,45.21,11.05,35.67,29.85,14.83,12.72,68.34,38.86,81.09,70.49,61.6,71.35,86.44,50.82,61.93,95.83,62.84,74.84,106.55,42.91,56.59,97.488,87.62,69.515,82.313,87.931,45.273,55.482,21.044,-1.1569,4.4733,54.463,72.519,76.439,59.705,65.753,47.5,46.8,120.3,170.7,160.8,146.3,249.7,247.9,148.7,91.3,43.3,44.7,91.2,122.9,95.6,76.14,54.06,60.11,41.98,76.66,57.5,59.63,57.71,66.14,88.36,64.76,117.71,70.05,23.64,85.07,76.993,67.571,87.273,94.19,86.987,34.538,42.251,11.242,-1.7796,-2.9775,14.392,49.815,69.66,65.549,74.907,26.3,32.3,49.2,44.2,55,49,74.5,115.6,106.3,57.8,31.1,28,43.4,23.5,32.6,71.98,57.27,72.39,37.33,85.39,43.49,41.53,33.59,54.08,98.45,49.68,46.91,77.01,42.16,110.1,57.475919,48.911636,80.360349,86.451012,92.288008,50.763337,62.618371,19.958781,0.739088,-4.002935,-3.34971,24.457433,56.367275,64.259945,71.848949,26.33,29.67,37.11,22.55,16.99,13.62,15.83,63.64,117.26,59.49,30.94,18.46,22.17,18.4,37.06
"25",79.8,59.41,74.89,100.52,102.67,100.45,108.77,62.33,71.68,90.27,92.37,51.97,87.41,72.5,26.18,164.35816,137.2505,115.399316,93.116198,33.930024,6.385908,14.338244,7.317244,21.319777,24.963915,66.497388,118.121688,155.116833,181.082997,143.940292,29.85,14.83,12.72,90.72,56.48,237.9,184.34,79.65,63.91,32.25,29.37,10.69,25.97,31.73,8.49,106.55,42.91,56.59,88.75,75.31,60.98,108.85,88.84,104.15,106.05,94.14,58.17,69.33,88.85,29.4,76.439,59.705,65.753,125.26,115.29,37.31,46.208,10.158,2.73,6.472,48.665,66.938,76.281,96.008,98.731,91.2,122.9,95.6,148.6,107.5,241,393.1,300.1,264.1,127.7,96.5,66.2,57.8,142.3,99.3,70.05,23.64,85.07,55.51,66.37,59.19,121.23,47.62,84.47,61.91,56.88,30.57,51.61,48.35,41.56,69.66,65.549,74.907,103.1,84.289,31.235,28.265,10.042,1.9044,-1.4757,11.764,53.073,84.565,97.107,111.02,43.4,23.5,32.6,69,42.4,64.5,136.1,145.3,101.8,47.1,37.6,23.5,21.7,22.7,26,77.01,42.16,110.1,48.9,66.91,51.13,95.9,44.4,20.67,81.24,44.35,31.77,28.29,30.77,33.63,56.367275,64.259945,71.848949,105.775318,105.922963,54.545422,51.318889,10.56442,5.767197,-3.920001,-2.719926,29.178346,88.131688,75.684976,113.392944,22.17,18.4,37.06,23.84,13.13,13.99,29.23,111.99,81.97,51.65,28.9,19.5,11.45,12.52,11.35
"26",87.41,72.5,26.18,38.77,45.23,43.99,96.55,105.11,40.77,83.72,102.59,140.97,163.33,59.85,94.95,155.116833,181.082997,143.940292,69.024543,24.186326,15.028536,14.333136,0.860642,6.607001,31.835129,63.952971,102.334124,120.898143,182.0373,125.598765,25.97,31.73,8.49,16.58,11.89,65.51,186.15,138.21,43.32,23.26,29.9,30.16,80.28,20.64,40.21,69.33,88.85,29.4,51.8,77.77,37.59,78.67,69.07,24.85,55.09,65.01,132.48,145.15,72.25,120.81,76.281,96.008,98.731,137.09,98.41,36.08,15.073,8.8039,1.467,12.268,40.867,66.778,55.867,74.603,76.408,57.8,142.3,99.3,79.2,39.4,62.5,372.8,269.1,109,53.8,55.7,70,129,203.3,198.5,51.61,48.35,41.56,40.71,48.3,49.23,89.93,49.83,29.76,57.32,79.72,112.24,115.3,55.47,91.12,84.565,97.107,111.02,141.59,81.936,24.447,20.502,11.743,3.9557,-1.1271,9.7158,32.503,32.9,74.146,95.08,21.7,22.7,26,22.7,18.6,26.2,107.8,114.6,49.1,29,25.7,27,36.9,51,56.9,28.29,30.77,33.63,50.05,52.04,43.71,95.01,37.37,36.49,74.87,90.97,129.58,154.97,61.22,80.48,88.131688,75.684976,113.392944,127.515513,85.419119,43.174444,32.206307,22.796978,5.266857,-3.738941,-3.791071,18.921611,23.211495,62.595155,86.735163,11.45,12.52,11.35,7.95,7.09,6.68,45.16,89.31,64.84,37.99,30.55,25.13,61.56,49.73,41.7
"27",163.33,59.85,94.95,113.07,95.13,31.55,82.92,72.61,85.3,70.7,54.05,63.18,66,78.54,53.4,120.898143,182.0373,125.598765,79.158337,29.305525,10.75015,10.805404,3.567955,-3.198424,20.01801,63.746855,87.024343,135.11785,164.33985,127.162601,80.28,20.64,40.21,167.97,51.37,24.81,208.8,171.55,62.61,23.21,13.45,7.37,8.22,28.06,15.4,145.15,72.25,120.81,127.54,132.38,31.84,60.18,51.78,54.56,41.61,43.36,81.08,104.38,62.58,49.72,55.867,74.603,76.408,124.61,90.624,50.036,28.872,8.9794,1.6343,-0.30211,23.125,46.222,77.271,72.3,80.028,129,203.3,198.5,254.3,168.2,100.8,199.3,461.2,222.6,69.7,37.3,36.7,57.8,60.9,59.6,115.3,55.47,91.12,77.79,65.22,21.94,27.67,50.28,79.69,66.18,70.57,80.19,150.5,55.73,55.79,32.9,74.146,95.08,104.98,63.439,44.123,28.84,5.6046,-2.0033,-2.3653,3.4213,27.255,64.528,71.552,100.28,36.9,51,56.9,66,44.2,27.9,50.3,124.4,98.5,45,35.7,27.9,41.8,51.7,37.7,154.97,61.22,80.48,74.24,42.33,22.5,25.5,29.9,80.14,70.69,107.17,112.44,71.08,36.08,69.09,23.211495,62.595155,86.735163,109.170232,107.780769,53.085672,40.105703,21.738971,2.275114,-4.288756,-3.586159,-3.152826,43.482919,77.000173,111.114065,61.56,49.73,41.7,32.54,20.31,13.28,14.1,55,84.36,56.97,37.18,37.02,25.42,20.21,13.47
"28",66,78.54,53.4,65.92,82.06,61.81,77.25,111.04,86.16,80.29,74.1,114.03,76.53,83,96.51,135.11785,164.33985,127.162601,90.225406,32.671342,8.812494,13.378804,0.02947,8.966175,29.882898,52.900376,108.627653,128.868962,169.715333,116.814917,8.22,28.06,15.4,63.59,66.38,54.77,180.58,167.43,74.54,28.43,27.7,23.5,38.58,25.49,61.74,104.38,62.58,49.72,75.44,124.87,46.89,51.31,93.94,73.55,48.81,46.24,84.73,101.47,92.1,73.38,77.271,72.3,80.028,111.2,74.646,59.501,23.152,8.3481,-0.13681,7.131,25.863,72.724,91.694,87.023,60.677,57.8,60.9,59.6,102.4,172,105.8,393.2,329.7,149.2,77.6,42.3,45.3,91.8,107.1,112.5,150.5,55.73,55.79,66.47,79.11,38.53,91.79,79.76,64.26,82.84,45.22,92.7,26.28,88.22,79.32,64.528,71.552,100.28,118.74,69.366,32.231,5.4181,4.478,-1.5798,-3.9701,1.8441,14.903,45.604,80.388,82.441,41.8,51.7,37.7,36,33.4,28.9,126.2,171.7,128.7,64.8,43,35.3,27.7,34.7,57.3,71.08,36.08,69.09,56.74,48.77,52.7,109.34,57.52,106.77,112.02,74.89,69.57,66.48,106.02,55.63,43.482919,77.000173,111.114065,106.480675,87.463654,26.843993,10.837162,3.574655,-2.221937,-4.562763,-3.795844,17.861543,41.007789,65.666748,81.039437,25.42,20.21,13.47,9.77,8.39,8.3,22.28,93.13,141.04,77.14,37.78,23.9,25.84,36.6,41.35
"29",76.53,83,96.51,88.69,45.19,29.49,99.75,81.08,67.52,99.29,116.69,125.25,89.35,68.13,51.3,128.868962,169.715333,116.814917,80.103715,43.332042,28.540188,14.098513,1.392537,6.818784,37.814509,53.502766,80.778754,164.499063,217.173404,130.595594,38.58,25.49,61.74,126.93,57.55,41.07,159.57,126.48,51.24,58.81,29.46,27.91,11.78,19.07,14.97,101.47,92.1,73.38,71.16,37.12,29.69,101.81,99.55,32.04,102.32,93.95,59.04,72.47,94.38,61.99,91.694,87.023,60.677,103.5,105.1,61.264,36.118,5.9543,1.2029,15.621,28.344,60.79,100.18,113.45,106.48,91.8,107.1,112.5,196.8,138.5,60.6,223.5,314.8,137.5,84.3,71.3,43.6,44,78.2,143.7,26.28,88.22,79.32,51.66,50.42,28.48,40.37,81.33,51.77,95.87,78.31,86.55,103.63,55.39,34.92,45.604,80.388,82.441,97.361,74.098,47.892,40.954,6.086,-1.5584,-2.3587,2.3098,19.178,73.092,82.46,96.411,27.7,34.7,57.3,68.7,58.3,36.5,57.1,120.2,74.2,54.1,38,32.8,39.1,44.4,37,66.48,106.02,55.63,36.2,87.74,28.06,24.86,40.38,33.86,56.01,74.84,100.5,130.33,59.87,30.03,41.007789,65.666748,81.039437,108.789239,90.888671,50.910881,44.879184,13.837668,2.950569,-3.801045,-3.540989,4.143046,57.68687,76.889039,101.708577,25.84,36.6,41.35,23.18,18.11,13.03,11.91,70.82,72.6,40.62,28.09,24.22,35.47,34.17,24.55
"30",89.35,68.13,51.3,58.25,28.84,90.19,30.41,95.81,69.16,153.59,80.7,84.96,131.55,107.48,55.17,164.499063,217.173404,130.595594,80.734897,31.523076,9.895709,19.154297,3.305841,13.998273,27.501298,74.856375,96.70766,169.803666,165.38297,121.252021,11.78,19.07,14.97,41.17,18.31,145.7,56.54,99.12,66.49,93.39,21.38,11.49,68.52,69.23,34.35,72.47,94.38,61.99,65.45,28.82,105.35,26.87,61.62,62,76.03,84.26,87.72,138.07,97.17,55.68,100.18,113.45,106.48,112.15,65.815,33.98,36.29,10.433,4.2614,-0.89302,16.318,42.237,90.152,75.532,68.015,44,78.2,143.7,154.5,63.4,255.6,188.7,157.3,126.9,76.3,58.3,63.6,103.4,151,180.4,103.63,55.39,34.92,64.23,25.39,65.52,25.77,92.41,55.2,87.17,42.57,86.29,103.69,81.29,45.08,73.092,82.46,96.411,122.32,54.632,23.958,30.971,11.152,2.9166,-2.8999,8.4115,24.543,67.493,74.843,82.83,39.1,44.4,37,43.8,31.8,68,72.2,110,81.5,55.1,36.5,28.2,38,65.3,43.2,130.33,59.87,30.03,52.32,36.68,74.87,40.99,71.53,44.58,139.41,29.93,51.45,45.28,77.26,28.59,57.68687,76.889039,101.708577,132.848655,74.64742,33.514577,31.803529,12.285456,3.359956,-4.367009,-3.015277,11.276508,61.544781,81.378613,91.092211,35.47,34.17,24.55,16.71,13.85,26.91,34.32,85.43,71.04,62.17,33.17,21.44,15,32.02,19.21
"31",131.55,107.48,55.17,68.99,114.72,50.96,95.12,65.06,84.13,92.61,69.42,59.95,82.16,54.75,142.19,169.803666,165.38297,121.252021,87.594295,35.861906,12.82811,13.430878,4.547813,0.762252,29.80174,60.848603,126.490658,117.865998,150.988608,141.174603,68.52,69.23,34.35,45.08,60.48,78.66,260.85,118.3,43.56,43.52,18.4,7.99,13.11,7.57,127,138.07,97.17,55.68,47.89,85.26,41.82,63.88,48.47,73.61,115.57,47.01,71.98,81.79,40.26,115.48,90.152,75.532,68.015,92.721,107.25,44.832,28.827,19.177,-0.59677,-0.37027,18.553,76.027,53.825,72.797,80.709,103.4,151,180.4,105.4,107.8,69.8,241.2,321.4,116,123.7,54.4,45.6,50.7,57.8,149.9,103.69,81.29,45.08,41.09,76.79,22.54,68.21,50.47,60.89,71.44,77.57,68.11,88.62,59.52,101.8,67.493,74.843,82.83,107.64,80.114,40.21,18.542,5.9511,-1.0865,-2.128,-2.6954,29.894,34.883,49.523,92.788,38,65.3,43.2,39.9,35.8,26.3,82.8,139,83.5,48.2,42.7,27.5,34.4,41,66.7,45.28,77.26,28.59,61.54,82.71,25,38.33,60.11,80.64,43.97,141.72,87.53,105.6,119.61,66.17,61.544781,81.378613,91.092211,110.502963,115.071607,50.290831,30.828415,14.18284,-0.452359,-3.896526,-4.231866,7.231916,26.903595,35.62678,88.039406,15,32.02,19.21,12.72,7.97,7.4,11.93,73.14,113.18,44.93,48.32,25.66,28.02,56.53,47.33
"32",82.16,54.75,142.19,95.32,49.05,32.6,63.5,101.69,118.6,80.35,93.91,77.44,68.9,89.23,108.97,117.865998,150.988608,141.174603,80.557237,44.305274,27.202189,21.12263,9.193414,23.845041,30.806282,69.348019,110.02888,193.681749,186.650155,131.638127,13.11,7.57,127,125.82,55.44,48.67,76.87,122.28,116.82,31.16,30.3,15.14,11.79,42.11,100.48,81.79,40.26,115.48,69.56,40.89,48.44,69.25,94.54,97.66,36.38,45.68,87.16,47.87,95.58,103.05,53.825,72.797,80.709,81.965,92.107,46.493,43.221,12.009,9.6854,16.866,44.861,63.497,94.207,96.338,85.803,50.7,57.8,149.9,188.6,147.3,130.6,155.8,247,259.7,85.5,46.3,50.1,34.3,54.7,120.4,88.62,59.52,101.8,94.53,40.68,36.53,68.06,68.37,137.12,40.61,46.55,70.19,106.68,78.54,74.83,34.883,49.523,92.788,80.703,70.517,38.895,33.642,11.175,-0.6335,-2.7221,8.1153,32.057,87.252,83.128,101.37,34.4,41,66.7,96.3,66.5,52.4,81.1,111.4,120.9,75.7,33.7,28.1,29.7,46.1,47.3,105.6,119.61,66.17,72.36,46.35,28.05,46.6,45.81,77.21,58.41,71.4,73.26,108.62,98.18,89,26.903595,35.62678,88.039406,76.954685,76.636166,47.990566,48.152466,15.869321,1.531905,-4.226557,-3.722586,10.806835,67.534587,65.605641,95.200655,28.02,56.53,47.33,39.16,24.8,17.36,38.1,75.19,85.04,57.53,37.8,24.39,25.07,50.85,36.47
"33",68.9,89.23,108.97,101.91,57.12,70.76,78.91,73.28,124.37,83.4,65.19,85.7,95.16,57.69,68.49,193.681749,186.650155,131.638127,111.729185,24.356614,9.48053,20.149766,6.258496,22.835256,27.641664,77.671837,102.956571,147.390999,110.774689,176.735107,11.79,42.11,100.48,119.6,35.89,138.76,152.35,126.82,102.4,38.06,16.19,10.92,13.19,8.14,46.95,47.87,95.58,103.05,122.71,46.39,77.77,45.81,96.64,106.19,61,52.33,97.09,79.74,27.58,62.38,94.207,96.338,85.803,143.55,80.212,33.634,55.186,5.5659,2.4358,7.5876,37.038,56.325,91.397,53.477,100.11,34.3,54.7,120.4,233.3,103,255.6,212.3,335.4,241.7,122,63.6,53.5,59.2,36.8,71.9,106.68,78.54,74.83,81.02,38.48,38.98,55.42,63.81,87.79,89.81,59.92,80.66,110.09,84.24,77.35,87.252,83.128,101.37,145.51,58.691,23.918,44.175,9.5206,-0.86568,-5.0485,4.7514,31.527,70.978,50.516,103.54,29.7,46.1,47.3,51,36.6,82.5,79.5,102.4,79.9,65.5,42.3,26.2,34.8,40.3,67.5,108.62,98.18,89,74.6,51.14,37.02,42.98,43.73,49.24,135.17,69.57,84.21,93.37,65.69,40.35,67.534587,65.605641,95.200655,142.281669,82.835457,28.133142,48.831005,12.464095,3.212428,-4.606983,-3.713356,3.517115,50.089055,55.85309,101.283104,25.07,50.85,36.47,22.41,15.03,26.68,20.75,86.34,82.05,71.95,41.22,27.05,25.89,30.37,29.86
"34",95.16,57.69,68.49,93.73,59.77,97.75,122.1,49.16,74.79,69.18,85.56,101.34,69.08,92.19,187.24,147.390999,110.774689,176.735107,78.506321,50.147859,10.971074,10.860755,4.512739,22.342153,47.170581,73.886628,113.585649,145.418227,162.924069,121.082209,13.19,8.14,46.95,80.73,61.1,137.71,185.1,123.79,35.03,34.6,13.8,11.98,7.43,32.46,195.52,79.74,27.58,62.38,73.1,72.72,83.05,75.51,38.8,59.75,61.37,56.87,74.76,76.34,73.95,161.9,91.397,53.477,100.11,99.941,110.99,44.323,39.056,14.446,1.2149,15.699,36.82,60.745,63.9,78.444,87.074,59.2,36.8,71.9,159.4,157.3,152.8,323.4,234.2,100.3,71.5,49.8,33.6,53.8,91.2,247.3,110.09,84.24,77.35,81.84,68.42,82.65,86.96,68.61,70.32,43.99,71.65,103,101.22,87.15,130.26,70.978,50.516,103.54,96.179,84.168,30.612,13.61,0.25748,-0.22689,-0.15185,12.907,30.229,52.247,70.945,111.07,34.8,40.3,67.5,71.5,62.6,60.2,137.8,170.3,93.5,45.6,33.6,33.7,39.8,48.8,85.4,93.37,65.69,40.35,78.13,47.14,47.94,46.93,51.78,100.11,60.06,94.45,97.2,145.12,76.39,127.69,50.089055,55.85309,101.283104,104.732779,87.96007,46.113823,32.685783,12.910419,0.831273,-3.825543,-3.551779,7.448124,43.394587,44.345643,102.491259,25.89,30.37,29.86,30.73,19.57,14.01,26.44,90.3,86.63,56.88,41.63,38.25,43.34,62.84,49.93
"35",69.08,92.19,187.24,55.24,60.7,83.72,75.1,75.48,87.42,136.71,112.62,89.64,136.75,120.51,78.35,145.418227,162.924069,121.082209,132.562105,25.070737,11.669765,12.412185,1.39825,0.779063,29.545402,52.500992,134.700638,95.673305,155.532545,147.402504,7.43,32.46,195.52,78.93,79.18,108.7,141.11,77.52,55.96,56.55,33.28,14.02,37.76,71.16,39.08,76.34,73.95,161.9,73.54,55.38,55.43,64.75,66.3,72.29,109.45,85.69,100.58,170.16,78.07,53.66,63.9,78.444,87.074,152.28,85.389,49.284,30.495,5.5392,1.2961,11.252,23.742,76.611,57.105,70.258,97.12,53.8,91.2,247.3,142.7,168.2,137.3,270.1,253.7,129.8,126.2,83.9,82.4,108.9,168.7,126.1,101.22,87.15,130.26,79.5,40.84,44.41,64.8,44.37,67.8,90.76,99.32,61.7,221.34,69.02,30.75,52.247,70.945,111.07,136.73,63.602,41.323,20.966,10.811,-0.32359,-2.9898,-4.3468,48.613,48.097,56.444,127.84,39.8,48.8,85.4,58.5,50.6,39.6,99.6,126.3,70.6,52.8,44.4,30.5,88.3,90.3,41.5,145.12,76.39,127.69,71.34,44.17,35.75,51.92,52.17,29.24,92.68,94.57,89.23,91.84,62.78,52.67,43.394587,44.345643,102.491259,133.782298,84.122229,39.67892,29.637261,10.727497,5.439031,-3.947079,-3.766059,12.321621,34.134866,63.819555,121.74056,43.34,62.84,49.93,26.19,18.51,14.72,25.91,118.36,87.22,55.55,41.61,29.95,32.23,31.44,27.68
"36",136.75,120.51,78.35,83.08,62.64,24.99,57.03,59,61.62,106.13,87.44,115.84,72.2,73.57,58.94,95.673305,155.532545,147.402504,71.187537,39.885262,25.717778,19.422959,4.933484,16.872685,42.609065,69.501017,146.509412,124.232743,199.803042,120.469974,37.76,71.16,39.08,101.82,38.26,41.87,76.83,94.17,27.55,28.92,25.11,34.77,14.8,20.29,20.98,170.16,78.07,53.66,87.22,63.37,25.56,60.12,80,32.42,84.77,74.07,72.32,110.22,61.9,98.2,57.105,70.258,97.12,97.424,92.709,50.917,32.494,7.2595,6.5802,19.521,47.984,87.112,58.597,89.891,88.018,108.9,168.7,126.1,209.2,115.2,69.4,215.7,267.4,86.6,73.9,53.9,35,61.2,67.9,103.3,221.34,69.02,30.75,36.39,39.37,19.59,37.6,42.77,56.58,67.18,52.47,127.77,91.87,74.16,75.29,48.097,56.444,127.84,106.28,73.331,36.712,41.461,11.457,1.5127,-1.2093,17.214,55.815,56.987,114.09,98.369,88.3,90.3,41.5,42.5,35.1,31.7,63,71.1,43,29.9,22.2,24.6,24.3,27.1,40.1,91.84,62.78,52.67,32.43,32.4,25.45,21.99,16.18,73.43,37.69,109.71,89.36,62.33,60.94,53.23,34.134866,63.819555,121.74056,109.282871,92.734855,47.90757,56.031269,21.755868,3.341176,-3.940145,-3.089771,30.478261,62.125738,111.408721,103.745716,32.23,31.44,27.68,19.28,15.99,13.74,25.76,44.1,53.54,32.77,24.02,18.41,14.86,21.54,21.86
"37",72.2,73.57,58.94,69.98,45.29,58.26,44.17,49.92,34,22.61,71.73,81.58,58.06,87.92,82.55,124.232743,199.803042,120.469974,89.714956,42.680908,24.253953,19.903127,4.138901,12.010127,53.008375,55.227062,131.432247,154.404631,219.51862,114.01326,14.8,20.29,20.98,100.43,49.69,69.33,95.09,63.76,19.9,7.56,9.09,7.02,7.75,52.48,81.82,110.22,61.9,98.2,55.9,38.14,84.28,41.95,61.8,45.57,36.6,80.9,71.48,57.13,104.03,69.1,58.597,89.891,88.018,100,119.75,64.987,45.304,9.2765,1.2411,26.559,22.921,78.431,80.128,106.13,62.03,61.2,67.9,103.3,188.1,115.9,122.3,168.5,200.2,123.3,46.2,41.7,36.5,38.9,78.5,154.1,91.87,74.16,75.29,77.03,56.91,49.13,51.45,66.08,28.85,21.78,56.12,85.58,89.94,116.46,124.98,56.987,114.09,98.369,98.859,87.665,50.392,43.89,10.329,2.5754,2.5096,13.446,49.041,72.416,122.86,92.457,24.3,27.1,40.1,70.1,52.5,50.4,66.1,131.1,67.1,27.3,22.4,23,28,47.8,102,62.33,60.94,53.23,51.55,65.76,37.58,54.73,22.4,48.58,43.69,47.38,181.59,82.59,78.94,124.01,62.125738,111.408721,103.745716,106.679687,125.475702,77.447684,47.816482,16.831483,4.906214,-3.809559,-2.973184,11.625384,42.850124,87.946247,78.161695,14.86,21.54,21.86,22.15,13.5,9.45,15.02,73.99,73.24,35.63,21.14,30.28,25.98,29.55,54.07
"38",58.06,87.92,82.55,50.65,47.84,27.41,54.15,62.6,135.41,130.72,71.19,51.86,74.95,57.11,74.3,154.404631,219.51862,114.01326,92.222536,33.679401,36.378634,18.723534,5.083215,2.650662,21.689275,63.558179,111.378254,158.574345,159.115099,171.038315,7.75,52.48,81.82,42.99,81.56,39.46,74.95,97.86,89.69,75.24,19.47,6.38,13.28,16.97,46.59,57.13,104.03,69.1,42.85,38.59,43.02,65.7,45.54,116.8,119.22,27.74,63.5,74.52,85.44,106.31,80.128,106.13,62.03,125.7,88.944,63.874,42.284,12.308,-0.14323,3.4199,38.148,67.761,86.182,78.399,113.92,38.9,78.5,154.1,91,83,70.3,147,242.1,216.3,138.4,53.3,39.5,57.2,80.4,164.5,89.94,116.46,124.98,58.01,40.94,36.15,70.5,33.01,82.64,78.54,33.12,60.17,49.37,59.91,82.4,72.416,122.86,92.457,129.75,75.362,66.275,32.179,8.5886,1.4717,-3.9176,4.5865,38.135,78.225,71.045,128.54,28,47.8,102,67.2,54.1,36.2,70.6,110.8,74.4,80.7,33.9,23.8,22.7,24.2,40,82.59,78.94,124.01,65.73,60.73,46.34,39.57,43.78,75.65,102.61,35.56,80.31,47.14,55.79,55.06,42.850124,87.946247,78.161695,129.405831,86.672155,70.648326,41.171832,10.142431,-2.208043,-4.372065,-3.910577,5.738539,56.887308,58.82091,141.649359,25.98,29.55,54.07,30.89,19.86,14.95,19.77,76.04,110.32,66.44,33.85,23.26,21.46,17.76,20.78
"39",74.95,57.11,74.3,44.38,65.18,122.63,47.31,65.75,109.79,86.28,89.36,103.84,113.14,103.7,55.64,158.574345,159.115099,171.038315,82.004618,19.164842,14.1141,17.958744,5.742843,21.708317,31.601619,69.736114,96.528397,171.410317,171.949417,124.622382,13.28,16.97,46.59,13.38,109.29,176.66,97.94,97.43,104.14,29.92,41.53,32.45,42.34,65.68,31.68,74.52,85.44,106.31,48.71,60.54,89.6,49.22,95.67,120.84,74.36,67.27,69.64,54.96,112.54,53.66,86.182,78.399,113.92,154.23,39.623,53.826,39.587,10.819,1.663,5.3831,25.474,58.369,92.912,72.582,89.679,57.2,80.4,164.5,90.1,170.4,234.1,278.3,278.4,231.8,97.2,55.3,44.8,34.4,146.3,140.4,49.37,59.91,82.4,54.23,62.48,47.07,61.33,41.48,105.04,120.99,63.75,69.57,95.52,107.26,98.76,78.225,71.045,128.54,128.53,41.222,37.672,28.175,12.92,-0.59008,-4.0261,-0.78209,16.641,62.771,85.887,92.27,22.7,24.2,40,31.1,47.6,46.4,106.3,87.2,95.8,66,46.8,34,32.8,62.8,74.8,47.14,55.79,55.06,57.82,42.89,32.68,31.54,53.27,44.78,113.18,70.37,47.83,96.85,94.75,47.05,56.887308,58.82091,141.649359,129.145122,75.014126,59.249848,52.022311,17.654219,5.750263,-4.142175,-3.76679,14.232704,37.524671,65.682502,98.529441,21.46,17.76,20.78,13.18,9.71,8.83,39.45,63.49,84.53,54.48,37.43,22.21,28.25,41.64,27.29
"40",113.14,103.7,55.64,160.9,45.54,48.07,78.5,96.06,81.08,34.04,61.38,70.82,49.18,96.45,66.11,171.410317,171.949417,124.622382,83.259948,46.320395,19.022465,14.4968,3.682913,13.957491,49.453286,103.591023,111.09961,213.770156,154.336912,151.021811,42.34,65.68,31.68,175.86,120.08,89.88,112.65,112,33.66,14.33,9.5,14.06,6.04,29.79,27.84,54.96,112.54,53.66,135.93,52.21,40.65,107.82,93.78,72.68,28.77,60.02,64.94,62.87,58.98,61.34,92.912,72.582,89.679,103.12,113.89,45.576,35.066,6.5968,1.9702,22.836,55.473,57.152,113.27,63.022,88.67,34.4,146.3,140.4,228.2,215.5,173.2,312.3,292.3,151.3,59.4,45.3,37.6,33.3,61.4,56.5,95.52,107.26,98.76,64.76,39.77,28.96,89.19,90.17,91.95,35.09,92.64,36.65,74.94,132.98,77.9,62.771,85.887,92.27,111,84.422,36.52,23.676,3.3208,-3.3565,-1.2643,21.123,45.124,105.05,73.149,120.31,32.8,62.8,74.8,78.4,57.7,54.9,97.8,147.9,86.5,41.7,26.8,24.6,21.4,47.7,68.7,96.85,94.75,47.05,42.83,47.27,24.87,60.32,63.78,79.23,74.38,95.85,45.48,106.26,93.52,113.13,37.524671,65.682502,98.529441,126.4325,105.091015,47.651803,28.058317,13.933243,2.606051,-4.166712,-3.292923,8.890643,70.11357,61.06896,97.42045,28.25,41.64,27.29,19.46,13.92,17.68,27.08,79.21,80.14,44.84,35.59,21.52,23.97,34.79,46.09
"41",49.18,96.45,66.11,49.63,57.98,44.7,64.37,95.52,61.65,55.95,182.51,109.08,143.78,86.3,130.08,213.770156,154.336912,151.021811,83.915713,35.807787,19.334765,21.923236,3.531224,22.425888,42.365108,62.581019,103.655287,137.901846,167.704305,123.49617,6.04,29.79,27.84,45.5,47.35,78.25,103.06,111.83,38.21,25.43,60.58,32.19,67.44,37.98,147.07,62.87,58.98,61.34,69.84,64.85,50.72,87.79,97.93,78.46,42.57,154.15,116.66,86.86,70.69,116.13,113.27,63.022,88.67,110.83,96.967,53.351,54.221,11.581,4.3827,21.801,39.389,53.123,75.833,81.592,70.743,33.3,61.4,56.5,120.3,115.1,102.4,218.7,330.9,173.2,87.9,93.2,99.9,95,106.7,215.3,74.94,132.98,77.9,57.41,54.02,46.76,54.8,70.63,29.65,47.28,94.55,75.54,112.53,55.66,129.78,105.05,73.149,120.31,100.71,60.303,34.296,40.186,10.966,4.1656,0.57436,7.4356,25.387,48.246,61.606,82.145,21.4,47.7,68.7,81.3,60,45.7,78.9,114.2,74.3,35.6,41.2,34.7,47.4,49.4,94.1,106.26,93.52,113.13,42.45,42.56,39.06,22.53,49.98,58.22,46.67,106.23,89.08,126.51,54.03,64.6,70.11357,61.06896,97.42045,106.305068,83.913663,50.616176,48.896091,19.50686,2.906025,-3.848916,-3.246123,11.844901,32.759097,51.965088,89.397674,23.97,34.79,46.09,26.3,18.44,14.69,20.51,66.28,103.12,46.58,49.91,27.64,45.18,39.14,33.79
"42",143.78,86.3,130.08,80.27,112.69,47.26,90.24,88.63,50.56,121.09,65.37,47.47,98.64,63.37,89.31,137.901846,167.704305,123.49617,81.978899,33.921261,29.377702,13.555569,1.480017,10.635712,19.58019,65.428655,90.695999,212.027244,172.73372,120.022906,67.44,37.98,147.07,66.67,194.23,42.48,183.11,127.04,26.44,52.71,12.46,6.68,17.17,18.54,71.65,86.86,70.69,116.13,77.52,96.19,58.61,54.3,93.11,47.21,99.31,51.09,44.75,88.03,78.4,86.95,75.833,81.592,70.743,114.11,97.426,68.354,36.39,6.6557,0.40202,1.8551,31.381,47.539,98.619,85.227,82.868,95,106.7,215.3,185.1,253.8,106.9,174.6,476.8,188.4,123.9,51.2,36.7,41.8,89.7,121.6,112.53,55.66,129.78,57.81,69.66,30.22,28.97,101.98,78.35,122.7,70.14,84.3,101.21,69.12,60.61,48.246,61.606,82.145,107.88,73.145,50.333,33.903,4.0858,-2.1577,-6.2017,-0.56915,25.009,83.943,91.559,96.539,47.4,49.4,94.1,68.9,80.1,42.9,63.6,131.8,89.3,89.1,51,29.4,37.8,52.7,51.5,126.51,54.03,64.6,79.02,46.57,15.8,19.9,76.24,104.48,78.26,117.78,78.56,68.87,63.19,46.86,32.759097,51.965088,89.397674,106.671778,97.544204,77.077855,43.098199,11.809087,-0.184423,-4.1937,-3.919308,-0.010929,69.862258,74.645482,103.065014,45.18,39.14,33.79,26.41,18.9,12.66,19.56,72.47,96.21,65.42,49.3,34,26,32.66,26.26
"43",98.64,63.37,89.31,38.33,66.63,35.02,58.93,107.1,42.27,104.95,72.5,101.79,53.01,43.76,57.92,212.027244,172.73372,120.022906,89.344604,34.767343,15.217038,13.293725,0.788008,11.939108,23.561801,55.185222,104.858476,139.606348,158.540611,170.370073,17.17,18.54,71.65,47.19,34.15,91.33,112.28,135.53,31.95,35.3,17.04,26.34,6.78,6.98,24.28,88.03,78.4,86.95,58.7,86.68,47.6,62.22,90.68,75.9,73.79,54.36,88.7,68.42,25.66,96.31,98.619,85.227,82.868,107.69,114.72,56.758,25.8,4.5595,0.7713,-1.8987,12.236,64.023,66.682,69.355,87.819,41.8,89.7,121.6,162.6,75,108.1,217,385.6,177.4,88.7,59.6,53.3,44.2,47,115.9,101.21,69.12,60.61,40.32,71.75,51.97,36.55,60.76,52.61,84.91,103.37,102.74,72.43,48.05,87.02,83.943,91.559,96.539,98.765,85.187,31.692,14.779,10.529,1.6372,-1.9592,-1.3485,34.394,43.649,69.586,113.65,37.8,52.7,51.5,48.3,32.9,49.9,78.7,89.1,72.5,48.1,54.7,34.9,33.5,33.7,54.2,68.87,63.19,46.86,38.78,46.86,26.53,34.87,74.65,69.26,80.14,89.83,92.17,83.52,43.33,53.76,69.862258,74.645482,103.065014,92.040393,110.813801,31.484677,30.837736,10.031813,2.065758,-4.220632,-4.08224,15.211302,20.147413,64.243768,99.021305,26,32.66,26.26,21.8,14.63,16.34,21.89,66.42,80.25,54.27,37.87,28.37,27.79,20.22,20.17
"44",53.01,43.76,57.92,60.6,85.38,37.33,37.44,80.83,81.34,58.99,76.75,74.17,36.53,112.86,81.37,139.606348,158.540611,170.370073,73.996808,48.522365,31.980975,16.859402,7.027751,11.374321,24.296246,60.913546,110.446899,188.105149,182.863536,165.402057,6.78,6.98,24.28,75.24,108.47,45.88,97.98,110.73,49.81,18.87,13.78,7.93,4.52,57.53,85.2,68.42,25.66,96.31,51.74,93.14,45.42,34.98,49.2,57.34,28.39,87.54,63.43,52.26,168.98,120.45,66.682,69.355,87.819,78.748,96.543,79.937,30.388,22.156,2.5902,10.397,37.719,78.618,94.637,72.916,119.28,44.2,47,115.9,139.1,211.1,112.3,184.2,115.2,89,54,39.6,32,32.5,163,223,72.43,48.05,87.02,22.87,66.94,28.84,46.6,81.26,78.64,46.77,76.97,96.21,58.57,97.68,104.72,43.649,69.586,113.65,89.627,79.691,73.106,30.554,15.996,-3.0985,-2.2643,7.8709,31.565,89.099,81.264,129.73,33.5,33.7,54.2,51,59.5,32.6,78.6,77.6,91.5,54.2,34.7,32,26.7,39.5,81.9,83.52,43.33,53.76,20.17,37.28,44.02,31.99,36.14,75.75,32.55,103.89,87.58,109.11,130.91,66.34,20.147413,64.243768,99.021305,98.072481,109.819502,86.21175,44.855086,23.874276,3.503706,-4.161521,-3.46307,5.091844,68.032674,59.679135,124.160374,27.79,20.22,20.17,18.82,13.74,10.09,37.09,48.77,69.12,37.66,34.12,23.35,23.76,65.69,40.68
"45",36.53,112.86,81.37,43.54,68.8,38.61,54.32,96.55,104,128.86,90.39,44.61,144.15,66.85,92.71,188.105149,182.863536,165.402057,84.473976,33.640015,16.492663,18.243669,3.957789,-2.988527,4.881864,63.52727,89.158518,146.820902,160.506999,148.34386,4.52,57.53,85.2,27.41,109.09,64.84,108.53,117.12,124.05,59.65,17.34,9.23,58.46,37.01,69.77,52.26,168.98,120.45,42.95,91.63,62.14,41.36,115.13,104.32,106.78,90.37,49.39,147.16,85.04,86.83,94.637,72.916,119.28,142.01,84.381,50.679,51.708,11.129,1.134,-2.1904,26.256,50.884,77.504,78.091,98.299,32.5,163,223,116.5,205.1,225.9,212.8,295.7,309.2,125.5,77.2,43.9,75,113.5,211.1,58.57,97.68,104.72,54.2,65.56,48.95,35.39,90.42,74.79,121.83,90.14,46.96,112.23,82.76,54.15,89.099,81.264,129.73,124.45,54.918,30.455,46.292,0.076311,-2.4102,-4.5574,4.4781,16.283,50.401,65.758,108.43,26.7,39.5,81.9,47.5,57.5,58,63.3,126.4,147,88.5,46.7,35.5,38.7,46.1,63.3,109.11,130.91,66.34,61.13,87.85,56.59,35,71.48,55.02,98.64,128.18,89.28,86.46,97.09,59.27,68.032674,59.679135,124.160374,124.092779,101.380185,42.222822,36.024783,12.248405,-0.758573,-4.289201,-4.318197,-5.678917,32.255593,52.174307,105.508313,23.76,65.69,40.68,19.54,15.75,14.83,18.11,70.13,157.46,85.51,54.02,37.82,25.74,37.51,48.23
"46",144.15,66.85,92.71,94.02,70.92,108.14,86.91,36.07,140.35,104.24,73.58,91.55,80.69,63.52,65.7,146.820902,160.506999,148.34386,65.683267,43.321351,7.028132,17.671906,7.596549,14.182465,13.386576,73.712187,108.807269,139.305173,170.054387,133.995997,58.46,37.01,69.77,140.45,60.37,151.15,187.99,66.72,117.68,89.54,23.13,25.39,25.14,12.62,31.17,147.16,85.04,86.83,92.78,83.99,79.75,92.36,37.27,60.98,76.34,42.03,82.83,109.11,49.41,85.17,77.504,78.091,98.299,81.485,118.77,36.374,45.956,14.643,2.2577,-1.0975,31.167,55.61,72.695,84.867,85.656,75,113.5,211.1,262,171.7,179.7,287.9,278,190.2,88.1,52.7,42.9,40.9,74.7,124.6,112.23,82.76,54.15,83.61,98,82.95,56.95,28.4,85.24,65.66,71.04,96.52,73.32,51.74,44.29,50.401,65.758,108.43,80.904,78.671,26.704,32.997,10.028,3.9335,-3.4205,2.0732,42.665,59.599,88.018,103.04,38.7,46.1,63.3,65.8,61.9,68.9,90.7,134.3,121.3,62.9,42.5,30.2,31.1,26.8,32,86.46,97.09,59.27,64.84,86.71,22.81,60.38,43.43,53.19,67.82,69.96,49.03,66.58,64.91,53.69,32.255593,52.174307,105.508313,105.087324,97.064865,51.866337,32.226791,6.12788,5.30531,-3.891851,-3.583082,19.252244,33.320355,72.822672,93.620018,25.74,37.51,48.23,25.85,18.84,14.09,15.86,100.29,117.03,56,46.76,23.96,20.93,22.95,25.19
"47",80.69,63.52,65.7,55.16,116.29,69.88,99.21,100.33,44.03,78.94,76.54,99.99,40.4,51.17,32.9,139.305173,170.054387,133.995997,68.878002,22.816415,13.344929,20.842399,8.644112,21.014419,49.099944,107.540247,120.891458,164.712073,195.176501,157.033402,25.14,12.62,31.17,68.69,148.75,105.34,141.11,128.76,38.91,20.76,20.81,40.6,5.41,7.02,7.24,109.11,49.41,85.17,49.95,134.92,53.69,97.43,45.24,55.67,113.67,78.85,73.04,54.46,41,42.3,72.695,84.867,85.656,90.28,72.776,29.511,39.06,7.4323,3.2515,19.647,52.932,57.561,78.512,84.946,83.709,40.9,74.7,124.6,135.9,302.3,191.3,327.5,222.3,110.7,75.5,76.4,47.9,36,39.3,40.9,73.32,51.74,44.29,30.39,84.33,29.37,119.49,50.2,58.08,73.82,33.54,73.8,64.32,63.89,67.29,59.599,88.018,103.04,81.11,67.099,33.802,25.195,9.4914,1.4322,2.9701,33.703,48.637,86.308,97.002,111.34,31.1,26.8,32,32.9,50.8,46,89.7,126.9,57,36,22.6,22.8,18.9,24.9,33.7,66.58,64.91,53.69,24.14,37.43,21.28,59.82,19.1,46.48,76.14,33.29,54.77,62.52,70.21,74.44,33.320355,72.822672,93.620018,101.505946,97.992938,39.063496,54.982009,23.420068,2.89852,-3.834362,-1.010021,36.777959,84.742137,96.764288,101.485539,20.93,22.95,25.19,13.99,10.97,14.34,34.01,64.87,44.03,43,15.69,14.55,12.71,33.42,34.54
"48",40.4,51.17,32.9,40.39,97.39,34.81,39.1,89.15,60.59,63.41,70.4,56.37,65.75,60.67,53.87,164.712073,195.176501,157.033402,112.636564,41.266902,24.451506,22.750836,8.01755,32.026067,45.962598,82.896029,157.503309,174.767733,196.616004,130.57922,5.41,7.02,7.24,18.58,116.69,69.93,94.77,118.24,30.02,16.88,9.04,6.29,6.45,29.17,27.86,54.46,41,42.3,42.49,135.77,31.76,75.72,37.3,50.15,62.82,70.96,54.58,101.35,77.3,89.05,78.512,84.946,83.709,103.21,120.06,47.5,49.445,11.225,8.8403,23.529,51.871,85.036,77.95,91.113,80.225,36,39.3,40.9,65,134.6,179.2,214.6,197,81.6,49.4,51.2,31.5,47.3,89.2,101.6,64.32,63.89,67.29,46.67,91.55,38.7,20.56,60.38,72.85,91.8,97.11,49.81,70.57,44.29,36.9,86.308,97.002,111.34,132.91,95.814,49.53,49.831,13.281,3.4109,0.48074,9.9623,71.862,80.17,106.18,94.816,18.9,24.9,33.7,37.2,48.1,57.8,55.8,95.7,59.3,42.7,40.3,23.5,21.1,30.4,35.1,62.52,70.21,74.44,52.54,61.05,54.18,20.85,38.18,116.74,70.47,136.96,80.28,95.24,78.58,32.91,84.742137,96.764288,101.485539,131.562765,124.955755,58.312371,62.292409,14.702933,4.248073,-3.791676,-4.23557,28.959509,67.40138,97.518894,99.151996,12.71,33.42,34.54,28.86,16.89,17.75,23.54,96.65,80.43,51.86,52.67,30.13,24.12,34.4,26.87
"49",65.75,60.67,53.87,47.36,35.74,42.25,44.61,81.52,113.32,156.8,89.77,92.8,83.04,59.65,64.86,174.767733,196.616004,130.57922,109.34664,45.373051,18.176973,16.35236,8.064863,21.557685,32.066959,80.218862,106.853924,193.481536,129.056006,167.667141,6.45,29.17,27.86,48.95,35.3,77.41,66.05,107.9,81.8,73.88,26.3,24.65,27.98,23.7,19.14,101.35,77.3,89.05,47.51,58.23,56.88,44,104.13,118.94,146.86,77.58,77.19,77.7,35.94,72.5,77.95,91.113,80.225,114.77,116.36,52.881,35.142,14.09,5.6702,11.199,40.418,56.363,90.907,65.458,89.455,47.3,89.2,101.6,131.7,136.4,120.5,218.4,275.8,252.3,155.7,85.4,63.5,47.1,52.6,70.3,70.57,44.29,36.9,63.26,45.47,44.53,38.76,56.59,119.01,100.37,75.9,70.14,106.37,31.57,81.21,80.17,106.18,94.816,125.71,104.12,44.216,36.669,12.916,1.2626,-2.1377,18.698,39.496,90.136,68.678,121.27,21.1,30.4,35.1,44.3,39.8,43.4,78.2,72.1,82.6,56.5,36.5,28.6,30,23,31.7,95.24,78.58,32.91,37.45,46.93,21.73,52.84,29.08,60.4,117.12,39.08,59.53,48.27,42.94,55.34,67.40138,97.518894,99.151996,119.260283,109.79438,68.770628,42.0217,27.764433,2.634201,-4.235454,-2.587343,20.404527,71.887355,56.541962,98.049586,24.12,34.4,26.87,21.52,15.11,16.35,57.23,54.15,65.86,57.29,32.78,22.11,17.31,16.96,22.76
"50",83.04,59.65,64.86,65.21,37.33,71.47,43.48,73.24,89.02,54.4,40.28,62.72,81,132.23,55.83,193.481536,129.056006,167.667141,98.539754,24.780127,16.776283,16.504268,3.251006,16.077023,28.08413,96.190224,117.199066,175.559741,189.188522,92.207059,27.98,23.7,19.14,35.63,23.26,139.03,79.6,87.21,54.63,22.33,7.33,7.97,15.44,84.63,16.65,77.7,35.94,72.5,85.47,47.57,72.99,73.45,24.71,75.87,53.55,35.58,60.78,78.16,86.99,67.54,90.907,65.458,89.455,143.56,68.98,53.089,41.88,6.8784,3.4221,8.0121,56.461,55.24,88.247,85.211,53.207,47.1,52.6,70.3,125.2,64.6,135.7,173.9,319,121.8,71.2,44.6,32.3,47.2,85.4,76.6,106.37,31.57,81.21,78.75,42.57,73.55,27.4,59.87,111.28,73.76,30.98,87.16,134.8,133.3,62.55,90.136,68.678,121.27,136.54,54.087,42.736,37.618,7.9649,1.6391,0.93086,20.316,43.537,72.429,76.001,74.013,30,23,31.7,35.5,29.4,53.7,59.4,139.3,91.3,60.8,29.4,25.7,38,83.3,70.4,48.27,42.94,55.34,42.72,42.7,55.06,25.57,154.26,82.36,66.73,60.99,80.21,55.25,96.2,79.43,71.887355,56.541962,98.049586,147.907828,89.080987,74.034707,41.812857,3.917525,2.308926,-4.034535,-3.316735,10.637358,69.133414,80.200968,69.116048,17.31,16.96,22.76,11.83,9.18,7.77,8.81,150.73,117.46,53.78,27.39,23.36,15.28,26.7,32.61
"51",81,132.23,55.83,61.82,59.65,71.53,76.66,102.32,107.49,53.05,58.26,35.24,82.03,42.42,69.57,175.559741,189.188522,92.207059,107.686175,32.028609,38.022445,25.36333,9.578849,29.431597,26.281391,93.374626,128.763298,146.207681,224.06839,153.34784,15.44,84.63,16.65,86.86,60.63,110.39,111.13,144.6,99.86,25.12,9.95,6.7,13.9,9.59,27.72,78.16,86.99,67.54,71.22,53.88,54.97,78.27,101.7,119.71,87.64,60.95,30.48,65.82,67.32,71.94,88.247,85.211,53.207,100.24,98.348,91.733,64.226,14.727,14.204,7.5147,41.057,73.154,70.03,106.34,90.291,47.2,85.4,76.6,131.2,134.9,163,218.8,302.7,274.4,169.3,69.3,36.7,39.7,68.9,96.6,134.8,133.3,62.55,53.57,27.25,60.54,71.39,84.32,94.13,88.03,62.02,76.54,52.14,71.21,41.86,72.429,76.001,74.013,116.23,90.226,59.328,53.465,11.872,5.3421,-3.4698,11.654,50.125,72.001,137.13,116.14,38,83.3,70.4,73.4,54.8,56.8,85.6,136.3,112,72.2,39.4,30.4,22.8,32.7,31.1,55.25,96.2,79.43,49.39,25.11,48.23,70.93,71.92,53.13,80.38,70.32,78.39,105.45,103.11,40.6,69.133414,80.200968,69.116048,96.746318,112.3611,86.576772,90.136101,13.305502,4.670747,-4.368142,-4.344144,14.492946,33.892081,92.401861,97.853249,15.28,26.7,32.61,41.65,22.11,19.66,16.91,96.03,86.05,54.42,35.77,26.34,22.76,51.37,25.4
"52",82.03,42.42,69.57,55.29,29.09,38.64,58.79,53.79,123.51,77.32,88.75,71.25,122.57,58.31,77.73,146.207681,224.06839,153.34784,80.580872,36.799662,14.360262,13.214904,1.906008,-1.824314,21.424566,59.8246,96.016935,175.205905,168.619419,123.959239,13.9,9.59,27.72,54.48,27.51,35.82,130.33,89.82,113.23,36.04,45.78,16.51,43.1,44.83,45.55,65.82,67.32,71.94,49.04,66.4,65.61,63.06,57.83,128.89,64.1,83.29,61.59,79.16,84.96,118.3,70.03,106.34,90.291,136.66,119.58,52.811,25.14,10.367,-1.7337,-2.7007,15.363,52.028,73.123,83.822,71.605,39.7,68.9,96.6,127.5,91.5,66.2,284,273.3,206.8,127,60,59.6,41.1,116.2,201.5,52.14,71.21,41.86,32.39,33.33,32.08,55.31,64.06,96.59,62.85,85.44,50.46,81.88,63.02,127.22,72.001,137.13,116.14,118.3,107.51,54.312,27.558,10.227,0.46545,-2.7632,7.5509,40.248,94.023,71.121,84.163,22.8,32.7,31.1,33.3,26.6,20.8,62,102,91.7,56.4,37.1,25.8,25.5,43.1,88.6,105.45,103.11,40.6,29.36,30.63,28.21,42.34,57.73,77.05,40.61,88.91,63.04,88.81,54.54,67.51,33.892081,92.401861,97.853249,125.886702,127.349667,57.995251,25.404648,16.008426,-0.233177,-3.828205,-3.680948,3.797016,34.811778,55.117307,90.839134,22.76,51.37,25.4,17.22,13.8,9.73,21.52,65.31,86.08,36.46,29.1,21.98,23.82,26.17,27.49
"53",122.57,58.31,77.73,60.65,60.63,24.91,85.15,53.25,151.65,79.06,102.35,77.17,59.74,65.83,64.94,175.205905,168.619419,123.959239,89.008149,43.466898,16.550629,11.781029,5.373215,9.37496,41.624543,72.651963,106.006589,131.179077,170.094266,132.331933,43.1,44.83,45.55,106.97,60.76,55.52,151.89,79.12,110.25,72.31,20.99,19.94,26.83,13.53,40.27,79.16,84.96,118.3,78.01,69.66,34.66,58.32,87.92,115.27,68.65,130.6,67.42,88.71,48.29,75.7,73.123,83.822,71.605,97.714,122.06,36.605,26.348,11.309,-0.40269,10.028,22.311,56.596,66.636,91.407,74.203,41.1,116.2,201.5,265.7,166.6,75.2,295.5,272,220.6,117.9,85.5,69.2,144.1,60,99.4,81.88,63.02,127.22,50.13,62.02,37.37,89.2,47.34,169.45,77.77,70.64,65.32,25,89.87,68.67,94.023,71.121,84.163,97.431,104.05,40.512,32.842,7.0635,-2.7088,-0.96018,10.076,46.883,45.585,91.82,106.57,25.5,43.1,88.6,72.2,52.6,34.6,118.2,112.3,132.6,85.4,54.5,32.6,25,27.4,40.5,88.81,54.54,67.51,36.37,55.88,29.33,58.19,63.18,92.79,61.6,67.95,100.86,67.57,117.56,32.83,34.811778,55.117307,90.839134,107.763766,111.889273,39.416174,25.098986,4.666599,-0.614371,-4.459505,-4.054853,10.658265,17.011308,37.351415,97.998615,23.82,26.17,27.49,16.36,16.7,11.33,24.53,87,84.63,58.19,32.47,29.92,29.66,39.31,32.32
"54",59.74,65.83,64.94,90.51,115.99,50.84,34.83,97.65,36.19,40.01,87.68,80.65,92.73,42.3,104.21,131.179077,170.094266,132.331933,106.886411,31.630062,12.391132,16.942311,2.919372,23.345982,32.332928,90.27051,128.404235,151.029979,197.98095,165.043187,26.83,13.53,40.27,82.16,225.68,124.34,92.73,135.7,39.63,10.54,15.43,9.29,36.81,18.64,50.88,88.71,48.29,75.7,109.28,76.06,63.71,31.05,115.3,24.77,45.13,69.07,99.78,98.84,95.09,112.72,66.636,91.407,74.203,129.27,98.491,37.44,41.295,6.4687,3.544,2.696,40.558,65.401,80.587,83.232,104.33,144.1,60,99.4,226,230.5,172.1,155.5,332.9,138.1,61.1,49.4,37.8,86.1,153.6,192.5,25,89.87,68.67,84.84,74.28,46.22,35.58,37.42,39.39,50.04,65.19,67.3,88.91,32.55,113.66,45.585,91.82,106.57,130.43,85.241,34.204,37.806,9.5637,3.9533,-0.30117,29.124,51.82,74.347,88.919,126.04,25,27.4,40.5,56.8,77.3,59.5,57.4,116.3,64.2,34.8,22.2,22.5,21.9,26,44.4,67.57,117.56,32.83,75.44,56.31,40.68,27.39,25.18,70.25,95.5,35.37,48.03,80.72,109.07,94.11,17.011308,37.351415,97.998615,125.247458,112.813275,40.09943,45.197609,16.076791,3.454139,-4.545263,-3.294491,11.138273,54.505756,66.387433,104.971604,29.66,39.31,32.32,20.97,15.24,19.01,15.64,93.96,69.1,49.76,26.13,18.4,15.15,51.8,39.08
"55",92.73,42.3,104.21,55.38,76.91,62.5,54.21,60.04,90.37,81.63,128.04,80.03,108.36,145.06,50.99,151.029979,197.98095,165.043187,84.339034,23.328193,35.051077,21.923741,8.821485,28.471872,43.976885,68.288901,135.377112,177.34172,188.791919,75.270334,36.81,18.64,50.88,70.47,128.25,106.31,100.57,67.26,91.35,38.15,40.86,16.23,21.38,104.93,73.3,98.84,95.09,112.72,65.05,88.43,63,44.19,64.74,65.63,78.54,133.3,48.98,130.68,152.33,77.12,80.587,83.232,104.33,118.8,61.851,74.276,47.691,9.4573,7.1609,14.954,33.37,83.764,73.449,91.798,54.864,86.1,153.6,192.5,195.5,267.6,221.2,216.2,179.4,121.1,92.8,107.6,52.2,73.1,205.7,247.4,88.91,32.55,113.66,56.39,76.22,60.41,54.15,55.41,95.87,46.04,83.67,66.75,93.15,116.59,66.98,74.347,88.919,126.04,132.33,59.075,66.537,48.116,12.997,4.0261,1.429,12.79,72.594,88.464,100.91,66.917,21.9,26,44.4,50.6,70.3,61.3,99.2,114.8,88.1,44.2,34.2,25.9,25,56.7,58.7,80.72,109.07,94.11,50.67,39.59,39.3,40.29,27.68,83.2,28.14,67.25,30.18,62.79,50.47,35.66,54.505756,66.387433,104.971604,129.204537,82.785728,81.855011,49.539424,15.648244,2.533902,-3.735812,-3.204595,39.612093,83.946221,107.310066,84.705726,15.15,51.8,39.08,31.34,18.85,15.31,21.6,98.48,82.36,35.92,23.96,16.58,12.3,20.19,17.55
"56",108.36,145.06,50.99,96.17,121.22,36.97,69.58,75.98,38.42,39.49,56.31,129.17,58.86,54.3,81.56,177.34172,188.791919,75.270334,86.0274,45.668029,32.314002,17.101636,6.547654,16.538537,49.238626,95.62946,112.379266,139.681051,173.405607,181.797097,21.38,104.93,73.3,148.31,184.8,34.32,199.11,98.16,40.52,12.51,9.23,86.82,11.73,11.14,59.53,130.68,152.33,77.12,91.93,86.83,50.68,65.16,79.17,37.5,40.02,77.03,26.45,50.58,66.96,87.76,73.449,91.798,54.864,94.737,104.24,95.359,41.863,15.126,1.3137,12.837,37.903,72.556,72.524,67.416,117.88,73.1,205.7,247.4,259.1,244.8,87.5,288.2,281.7,134.3,56.7,46.4,32.8,31.9,59.9,106.2,93.15,116.59,66.98,74.46,51.82,37.16,68.88,67.24,51.08,59.37,59.13,84.67,60.52,86.43,44.72,88.464,100.91,66.917,93.47,95.516,78.367,40.086,16.946,2.4522,3.0735,21.566,49.971,66.853,70.19,145.21,25,56.7,58.7,94.3,74.9,37.3,97.9,100.8,64.1,36.8,28,28.6,25.3,31.1,33.5,62.79,50.47,35.66,49.12,35.18,34.78,49.42,52.71,44.45,69.79,53.12,43.46,137.26,148.48,54.45,83.946221,107.310066,84.705726,107.961127,123.639947,100.597747,51.210812,23.108997,3.481658,-4.282976,-3.357123,17.26442,49.986015,30.739359,115.098953,12.3,20.19,17.55,18.99,17.16,10.02,30.16,61.66,48.52,41.03,28.39,18.44,31.83,74.3,37.55
"57",58.86,54.3,81.56,107.62,75.43,128.17,114.6,57.77,72.99,100.7,87.87,51.56,78.96,58.93,85.21,139.681051,173.405607,181.797097,83.892605,41.609258,18.883459,14.024908,1.249096,24.644544,28.686778,70.854875,129.871779,135.572719,213.920083,135.553071,11.73,11.14,59.53,156.46,122.4,190.77,221.65,128.6,56.7,39.8,40.95,7.49,30.54,18.82,48.5,50.58,66.96,87.76,104.46,54.07,115.76,100.25,64.47,61.43,89.85,115.53,91.08,58.53,107.66,80.84,72.524,67.416,117.88,121.9,84.935,59.559,49.124,7.7981,4.0923,5.3933,32.381,66.374,71.17,100.66,85.586,31.9,59.9,106.2,185,243.2,227.8,261.7,367.9,152.2,89.2,78.2,68.7,44.5,90,146.4,60.52,86.43,44.72,72.88,94.01,75.91,44.9,88.08,75.55,124.72,86.89,40.01,108.41,52.55,68.43,66.853,70.19,145.21,126.06,73.928,46.46,39.068,4.8237,1.4916,-4.7423,8.9299,52.215,68.056,106.65,111.86,25.3,31.1,33.5,40.9,92.7,71.9,70.5,172.5,98.6,77,47.7,30.1,46.9,30.4,42.4,137.26,148.48,54.45,62.52,48.38,30.25,30.23,87.59,71.44,106.11,87.25,40.37,74.21,38.23,63.07,49.986015,30.739359,115.098953,125.00779,104.554054,72.724227,40.929806,6.482342,2.301769,-4.373444,-4.907295,15.895207,47.386158,83.278883,102.34821,31.83,74.3,37.55,21.86,24.96,19.02,15.94,98.43,98.61,79,57.37,27.12,23.92,24.95,27.71
"58",78.96,58.93,85.21,127.34,48.7,66.07,96.12,83.78,63.14,83.1,78.34,91.05,54.7,77.25,28.19,135.572719,213.920083,135.553071,77.078878,34.688042,8.62863,17.3399,6.067029,15.915158,33.080539,78.830418,110.831899,146.756123,172.572859,107.183794,30.54,18.82,48.5,148.85,42.59,174.88,200.29,125.34,55.69,33.51,13.44,17.46,9.52,43.58,12.07,58.53,107.66,80.84,113.34,58.85,54.41,65.26,104.63,82.74,71.68,96.07,93.4,44.4,81.53,37.97,71.17,100.66,85.586,134.06,93.653,42.774,35.005,11.565,1.8902,2.4709,33.911,60.493,82.469,79.835,49.167,44.5,90,146.4,251,158.9,196.8,268.7,265.6,174.6,106.3,80.3,59.8,35.5,99.5,92.4,108.41,52.55,68.43,131.18,36.76,73.04,64.59,87.88,75.76,88.81,53.93,95.47,49.42,134.82,31.32,68.056,106.65,111.86,113.49,69.698,24.052,17.576,7.3125,-0.10521,-2.7624,12.492,38.148,55.317,78.7,72.264,46.9,30.4,42.4,73.2,65.9,73.3,112.3,136.6,114.6,68,40.2,34.9,25.5,51.7,57.4,74.21,38.23,63.07,76.59,41.24,38.44,40.3,63.31,53.39,52.85,59.9,111.84,39.25,84.82,37.55,47.386158,83.278883,102.34821,153.354751,104.019116,36.731928,35.029691,11.095325,3.118045,-3.885769,-2.794714,2.775483,26.42419,77.576088,63.27131,23.92,24.95,27.71,16.63,18.07,18.69,30.76,71.68,86.61,47.3,28.23,32.26,21.85,29.2,30.98
"59",54.7,77.25,28.19,76.53,38.88,35.26,46.7,65.71,102.43,115.03,91.51,44.47,69.95,83.09,75.32,146.756123,172.572859,107.183794,108.454345,37.753974,22.992258,11.848047,6.820691,17.590064,41.585078,81.796908,122.757023,185.964558,186.038059,138.429232,9.52,43.58,12.07,70.86,53.38,24.72,133.34,72.79,94.71,52.1,18.64,6.9,7.84,19.48,36.79,44.4,81.53,37.97,82.15,56.87,46.92,60.61,39.44,51.04,137.72,88.58,58.95,78.45,76.44,72.46,82.469,79.835,49.167,130.21,94.081,45.288,26.466,7.9224,8.0893,22.951,46.272,66.101,83.884,83.129,85.026,35.5,99.5,92.4,163.5,154.6,103.6,233,133,116.5,110.7,76.2,62,55.3,178.9,128.7,49.42,134.82,31.32,70.44,26.49,27.01,17.71,44.66,72.81,146.47,92.07,58.19,121.6,41.1,50,55.317,78.7,72.264,143.72,82.773,38.41,30.937,12.972,3.2944,0.79071,12.256,41.8,83.782,94.792,109.61,25.5,51.7,57.4,48.3,42.8,33.3,70.7,55.7,54.9,48.5,43.1,30.3,38.7,36.8,39.7,39.25,84.82,37.55,68.7,30.19,17.94,11.57,16.66,33.17,95.27,55.79,75.41,119.55,41.82,67.57,26.42419,77.576088,63.27131,130.289245,115.497885,71.745048,42.189447,20.877623,5.61708,-3.914847,-2.172335,22.36893,72.847075,85.299757,109.457551,21.85,29.2,30.98,19.56,13.98,12.63,43.43,28.26,34.34,33.06,18.29,20.08,32.18,27.93,27.23
"60",69.95,83.09,75.32,46.65,37.34,87.33,105.44,137.68,157.65,62.06,62.83,113.16,125.66,105.8,119.55,185.964558,186.038059,138.429232,103.617193,36.378341,20.204504,13.597295,-1.440854,-5.038121,32.84602,60.44988,141.880624,133.465648,177.766837,128.15964,7.84,19.48,36.79,54.59,41.28,98.1,265.37,193.34,180.18,42.59,18.49,19.47,43.79,103.65,115.84,78.45,76.44,72.46,67,45.02,62.43,99.7,131.65,121.34,54.97,49.33,114.56,96.35,97.34,69.52,83.884,83.129,85.026,136.86,98.221,56.663,45.586,8.28,-2.5966,9.9032,35.769,74.422,66.032,83.781,63.749,55.3,178.9,128.7,205,110.4,108.5,382.5,348.5,334.1,120,55.5,55.7,62.4,127.8,109.5,121.6,41.1,50,43.89,49.61,37.58,58.4,134.18,88.17,95.76,61.78,59.67,95.7,90.6,76.83,83.782,94.792,109.61,130.45,83.541,45.229,28.18,-0.59406,-4.434,-3.4778,4.9196,52.647,73.275,56.796,93.853,38.7,36.8,39.7,47.8,45.8,39.5,82.7,129.1,123.3,68.7,41.7,29.9,24.3,47.1,53.7,119.55,41.82,67.57,40.45,48.31,25.26,27.31,79.9,74.6,85.79,83.83,48.57,72.78,52.53,47.73,72.847075,85.299757,109.457551,141.629468,113.241071,75.019284,53.847666,12.20692,-0.827804,-4.159834,-4.997156,18.890252,59.770046,65.108206,78.232425,32.18,27.93,27.23,20.53,18.22,13.42,17.09,74.62,83.22,52.67,36.99,20.49,13.99,22.08,19.29
"61",125.66,105.8,119.55,88.92,82.57,33.35,64.33,24.32,52.98,54.99,60.16,69.6,93.84,129.66,25.1,133.465648,177.766837,128.15964,81.973974,31.427545,21.755159,18.921546,21.433171,27.600607,58.026507,95.326346,120.939377,155.768894,159.161048,114.478203,43.79,103.65,115.84,210.07,134.21,70.81,110.57,32.61,29.36,10.07,6.87,9.1,15.44,45.75,34.91,96.35,97.34,69.52,72.01,86.82,37.56,42.39,45.7,49.47,73.78,53.42,49.18,114.9,95.61,27.11,66.032,83.781,63.749,90.116,89.153,61.519,40.984,34.042,7.2696,30.787,55.782,79.203,94.496,68.3,90.244,62.4,127.8,109.5,193.8,207.2,158,188.1,123.4,128,61.1,32.1,31.5,43.2,71.9,78.6,95.7,90.6,76.83,44.65,52.26,30.22,66.2,36.67,52.76,64.29,55.39,54.07,60.36,115.3,27.88,73.275,56.796,93.853,101.25,75.657,45.319,25.418,25.052,6.7532,1.6914,29.981,81.649,109.58,109.47,92.608,24.3,47.1,53.7,68.9,58.7,47.1,96.8,55.9,53.4,34.7,23.1,21.9,18.7,37.4,40.4,72.78,52.53,47.73,35.86,42.53,28.25,55.64,46.3,88.89,101.14,61.71,41.89,47.89,97.95,48.15,59.770046,65.108206,78.232425,127.258133,104.084285,57.45843,23.758438,18.225557,4.252274,-4.131793,-1.991333,44.155993,99.803574,77.26192,106.409132,13.99,22.08,19.29,15.19,12.38,10.78,52.65,53.11,63.04,70.24,28.81,18.65,11.43,22.2,25.74
"62",93.84,129.66,25.1,73.3,67.38,69.92,42.42,99.68,63.75,147.89,117.72,73.08,62.56,90.78,68.09,155.768894,159.161048,114.478203,71.985957,39.696872,13.195554,22.584609,6.835919,31.86753,25.749407,77.958026,95.783385,141.612551,133.992518,150.721572,15.44,45.75,34.91,48.33,104.57,86.36,97.1,145.36,51.34,75.1,61.59,15.69,12.97,33.39,52.24,114.9,95.61,27.11,95.34,57.15,78.73,24.71,83.03,62.06,139.5,75.58,65.13,66.64,100.7,63.92,94.496,68.3,90.244,85.302,92.888,72.798,44.292,16.306,14.546,13.378,51.125,66.943,98.362,81.733,112.4,43.2,71.9,78.6,137.8,178.4,166.8,195.3,250.6,138.4,178.9,104.5,56.1,47.3,86,153.7,60.36,115.3,27.88,56.51,78.4,62.74,41.66,119.52,83.9,72.81,70.55,64.29,65.03,100.23,93.22,109.58,109.47,92.608,85.203,81.287,38.922,33.991,3.8215,0.49156,-1.0842,14.939,33.043,71.604,78.333,115.51,18.7,37.4,40.4,41.8,50.7,62.5,73.2,163.6,128.1,73.7,46.5,36.7,32.5,42.1,87.9,47.89,97.95,48.15,35.4,51.52,45.67,47.53,99.33,103.13,81.88,142.7,86.43,84.36,75.7,77.42,99.803574,77.26192,106.409132,91.514462,101.522512,63.878198,46.038509,13.497133,-1.707595,-4.47925,-4.058291,-1.209608,43.051294,58.718041,97.244313,11.43,22.2,25.74,22.2,17.73,12.88,11.53,45.46,143.97,71.01,44.25,36.5,31.12,31.66,39.94
"63",62.56,90.78,68.09,86.88,61.53,62.32,51.61,104.37,102.68,93.95,95.54,81.61,91.09,84.84,73.47,141.612551,133.992518,150.721572,80.362774,39.532473,19.611434,13.09241,-2.265537,5.853615,39.475791,92.598616,97.032773,116.523314,132.795701,152.700447,12.97,33.39,52.24,123.06,75.67,93.28,103.99,140.98,77.28,33.57,19.58,23.48,37.02,22.52,33.01,66.64,100.7,63.92,69.08,57.25,66.06,49.4,109.43,83.37,94.75,107.93,68.22,44.79,64.3,52.09,98.362,81.733,112.4,104.28,114.84,54.021,47.591,5.8823,-1.2557,7.5719,70.474,67.676,79.216,76.652,119.38,47.3,86,153.7,176.6,166,114.7,163.2,348.9,237.5,111,82.5,80.8,47.6,66.1,85.3,65.03,100.23,93.22,51.85,60.99,36.64,42.71,97.08,85.36,95.38,78.43,85.91,105.32,111.49,87.54,71.604,78.333,115.51,118.69,72.93,33.681,12.705,-4.807,-9.1118,-6.5072,11.718,11.782,45.287,50.148,107.01,32.5,42.1,87.9,55.6,51.3,36.3,51,136.3,130,68.8,47.3,39.9,49.9,70.1,72.7,84.36,75.7,77.42,68.32,58.75,48.66,42.66,101.07,93.87,101.65,88.34,90.91,109.6,92.97,86.46,43.051294,58.718041,97.244313,112.196919,98.954569,28.776757,13.435524,-0.930739,-6.789128,-4.366604,-4.413783,3.143296,37.664668,35.326198,89.520428,31.12,31.66,39.94,22.7,13.07,12.06,11.83,65.24,133.14,75.18,40.72,29.55,36.79,47.66,32.38
"64",91.09,84.84,73.47,31.83,67.42,34.31,38.98,71.92,90.42,173.24,74.39,66.74,81.1,53.55,51.76,116.523314,132.795701,152.700447,69.96619,40.615404,33.342102,16.767743,5.274491,9.611722,21.264072,68.819152,113.049535,151.828708,183.653942,135.730536,37.02,22.52,33.01,33.33,58.18,17.36,125.84,106.08,46.1,112.01,56.06,9.58,15.82,10.22,28.96,44.79,64.3,52.09,38.84,50.71,47.28,28.96,68.63,46.31,166.23,46.71,72.01,97.21,87.55,28.82,79.216,76.652,119.38,81.218,125.53,71.165,24.792,6.2488,-0.76234,2.2905,36.545,63.952,75.343,73.786,88.312,47.6,66.1,85.3,117.5,113.1,41.1,130.2,263.2,129.2,157.6,92.1,46.7,49.8,79.3,109.3,105.32,111.49,87.54,39.93,38.98,31.81,26.96,55.34,86.6,85.14,47.83,75.84,77.9,60.12,83.74,45.287,50.148,107.01,78.21,72.882,46.048,27.589,8.5015,-0.56647,-4.3772,-0.71309,27.602,52.136,71.553,87.486,49.9,70.1,72.7,70.7,52.7,30.7,51.2,98.5,75.7,62.3,39.3,26.3,26.9,23,47.1,109.6,92.97,86.46,48.5,43.37,37.19,44.96,51.28,88.16,84.72,65.98,80.39,73.01,62.72,87.11,37.664668,35.326198,89.520428,90.904668,98.244941,66.669144,22.644176,9.449633,2.757037,-4.515239,-4.277752,6.610964,39.887053,64.566808,84.938951,36.79,47.66,32.38,27.19,18.05,12.58,20.24,70.57,92.94,59.57,36.92,26.35,22.51,20.52,37.6
"65",81.1,53.55,51.76,68.59,42.67,65.42,102.03,64.55,54.59,36.63,57.54,85.59,92.12,76.01,35.43,151.828708,183.653942,135.730536,84.799185,35.04203,19.705215,13.329648,13.384451,26.744202,57.442629,77.047126,107.737896,142.557243,163.783285,142.558414,15.82,10.22,28.96,49.92,73.63,80.55,131.22,106,48.49,12.3,8.59,13.48,12.78,30.2,8.44,97.21,87.55,28.82,63.14,54.7,97.42,71.01,54.16,32.91,41.12,38.94,84.05,51.05,96.61,43.77,75.343,73.786,88.312,117.06,93.204,47.356,38.28,24.101,3.131,18.945,43.805,58.809,89.899,92.086,76.189,49.8,79.3,109.3,118.9,152.4,195.1,254.3,228.8,131.5,56.2,36.7,42,33.1,90.7,92.7,77.9,60.12,83.74,103.38,46.14,52.02,101.81,51.26,45.65,49.27,63.41,88.7,77.16,70.45,47.85,52.136,71.553,87.486,79.271,75.215,35.763,9.9193,13.739,5.0614,2.335,15.462,48.903,80.065,78.97,86.602,26.9,23,47.1,72.4,60.6,64.3,109.3,131.6,77.3,41.2,32.1,32,27.2,36,29.7,73.01,62.72,87.11,100.27,54.02,48.7,45.26,30.1,59.69,114.36,81.69,87.76,106.41,57.55,65.12,39.887053,64.566808,84.938951,93.425068,66.533136,50.338093,32.375204,20.405352,2.719571,-4.464795,-4.035958,15.530925,52.376556,72.86323,67.085516,22.51,20.52,37.6,39.27,25.83,19.57,55.54,71.72,61.64,58.18,38.94,26.2,24.36,28.32,23.43
"66",92.12,76.01,35.43,73.07,102.39,58.33,84.59,93.78,135.88,81.62,67.1,69.29,37.63,85.75,114.3,142.557243,163.783285,142.558414,109.276993,31.552333,28.55906,22.11684,1.8183,24.266195,45.952432,72.825036,111.425491,108.335985,153.543593,135.034968,12.78,30.2,8.44,64.21,159.6,87.59,112.53,132.33,142.37,32.89,53.86,16.8,5.22,16.03,108.67,51.05,96.61,43.77,76.63,100.14,79.93,79.87,113.67,151.2,108.01,92.14,60.11,43.6,140.6,79.33,89.899,92.086,76.189,122.37,80.135,55.606,59.243,2.2201,6.0175,17.635,40.72,69.823,62.696,78.352,100.6,33.1,90.7,92.7,132.7,200.6,164.6,228.9,360.2,374.7,179.3,127.8,70.8,40.9,86.9,236.8,77.16,70.45,47.85,61.3,72.65,60.59,71.4,103.74,85.77,122.89,78.74,75.41,47.98,124.35,65.93,80.065,78.97,86.602,145.18,67.323,32.087,38.53,0.76969,-0.75977,-2.908,6.3805,44.814,49.579,78.163,116.22,27.2,36,29.7,41.6,68,63,90.7,136.3,113.7,69.7,53.8,35.4,25.7,52.4,65.7,106.41,57.55,65.12,80.17,74.97,65.17,43.23,97.18,92.52,101.91,65.07,112.14,107.62,117.08,68.53,52.376556,72.86323,67.085516,142.393234,93.36157,65.002527,56.059243,2.254812,1.131426,-4.421267,-3.523931,9.625072,35.475536,61.920093,109.891554,24.36,28.32,23.43,29.04,21.97,29.62,34.74,86.04,100.7,60.88,37.85,37.62,31.18,48.32,40.1
"67",37.63,85.75,114.3,52.91,55.68,91.68,71.96,90.47,95.57,76.89,49.94,89.39,73.68,94.46,99.83,108.335985,153.543593,135.034968,109.00762,28.312513,7.744665,30.792099,14.211352,4.376041,38.433897,92.438064,102.254467,120.8274,174.631654,127.745307,5.22,16.03,108.67,30.32,84.63,154.82,123.71,142.51,69.98,26.1,10.83,16.03,18.72,27.34,92.51,43.6,140.6,79.33,56.48,85.43,75.55,55.8,114.21,67.98,58.64,64.56,77.56,63.12,89.47,104.31,62.696,78.352,100.6,130.56,93.399,32.724,49.349,23.34,0.50112,13.764,46.468,58.812,82.494,104.72,94.418,40.9,86.9,236.8,127.6,214.9,209.6,178.6,291.9,213,94.6,52.2,53,46.3,82.2,183,47.98,124.35,65.93,53.54,64.56,65.79,31.73,80.68,94.78,61.49,52.31,111.2,74.86,122.53,70.74,49.579,78.163,116.22,130.22,64.509,28.218,38.025,16.97,-3.1943,-1.703,14.36,38.251,68.765,81.421,97.709,25.7,52.4,65.7,52.7,58.3,65.9,63.3,91.3,111.8,54.6,30.5,30.7,31.7,65.4,60.1,107.62,117.08,68.53,102.6,60.3,40.05,15.09,29.09,57.37,80.17,80.58,83.24,129.62,143.13,76.69,35.475536,61.920093,109.891554,122.365362,103.563322,60.870298,48.616405,32.802241,2.040037,-4.073831,-4.504511,10.015067,48.674683,59.169396,90.409923,31.18,48.32,40.1,36.31,22.15,17.32,15.18,37.55,94.57,56.96,34.46,24.47,31.43,72.95,39.93
"68",73.68,94.46,99.83,55.15,78.76,63.35,67.56,103.4,94.54,120.22,80.94,70.89,60.94,84.98,55.1,120.8274,174.631654,127.745307,47.418661,55.396773,14.23633,16.185319,0.476869,13.213217,36.173121,78.289264,132.508513,112.260592,159.602838,142.364427,18.72,27.34,92.51,61.65,77.64,126.54,107.56,159.28,102.53,75.25,18.07,9.6,10.24,19.7,45.57,63.12,89.47,104.31,79.97,76.45,73.82,60.84,84.35,113.67,91.43,61.44,60.49,65.65,127.25,51.38,82.494,104.72,94.418,74.959,115.22,52.393,39.966,7.6473,-0.19544,8.0495,31.188,81.251,64.899,70.931,110.68,46.3,82.2,183,192.4,175.4,181.8,200.5,306,295.2,168,80.4,47.1,48.6,101.4,179.5,74.86,122.53,70.74,62.21,66.48,78,55.52,96.49,121.76,102.23,70.87,50.59,131.01,127.44,80.42,68.765,81.421,97.709,68.373,82.244,30.762,15.886,-5.205,-7.7101,-4.8252,5.5954,50.151,35.203,77.408,96.245,31.7,65.4,60.1,50.2,53.3,53.4,83,154.8,144.4,88.7,52.4,29.3,42.9,64.9,77.7,129.62,143.13,76.69,48.81,69.93,77.55,50.07,92,81.49,56.45,68.41,69.68,119.55,93.74,68.34,48.674683,59.169396,90.409923,90.243214,99.908319,43.346628,32.333201,4.781913,0.174592,-3.823143,-3.452888,24.129674,39.548202,72.441935,100.850479,31.43,72.95,39.93,20.33,21.16,17.56,29.29,101.38,117.51,60.99,35.23,24.05,34.09,52.76,33.92
"69",60.94,84.98,55.1,55.6,89.48,44.7,97.29,57.61,83.73,53.24,69.04,72.8,53.54,93.01,52.46,112.260592,159.602838,142.364427,65.06159,26.512471,33.427219,10.48278,22.028244,34.068269,44.015246,79.457374,120.619078,153.574002,157.686459,124.818908,10.24,19.7,45.57,39.91,145.99,63.75,142.54,73.91,72.67,12.79,8.02,7.87,6.89,28.39,26.55,65.65,127.25,51.38,72.4,81.44,50.92,69.93,58.53,61.6,34.96,65.54,73.24,44.08,75.45,50.51,64.899,70.931,110.68,88.251,70.76,60.428,26.078,23.297,18.247,25.173,44.984,82.507,86.686,87.459,75.415,48.6,101.4,179.5,162.7,237.6,143.5,256.6,209.5,163.4,60.1,44.2,39.9,29.4,63.9,78.5,131.01,127.44,80.42,72.36,71.45,35.26,79.38,64.7,92.37,76.66,90.07,85.15,77.71,89.61,59.09,35.203,77.408,96.245,72.166,47.427,47.723,16.42,14.312,3.8263,0.085538,15.3,43.928,74.684,93.331,76.635,42.9,64.9,77.7,69.4,91.8,54.5,87.9,99.9,108.5,57.4,41.1,36.5,34.2,46.8,58.1,119.55,93.74,68.34,77.9,53.99,23.18,66.04,43.97,48.4,75,102.04,85.26,90.51,85.39,70.05,39.548202,72.441935,100.850479,89.135963,77.035298,77.582021,30.861239,18.798414,3.72168,-4.302853,-3.609666,20.833792,47.592916,92.568753,72.49726,34.09,52.76,33.92,29.66,24.28,16.52,28.45,67.54,86.23,48.26,34.26,24.94,21.53,30.44,34.53
"70",53.54,93.01,52.46,67.71,39.35,27.4,31.52,55.53,55,102.36,142.97,91.41,102.4,147.59,55.85,153.574002,157.686459,124.818908,90.643336,37.259392,32.591219,16.869302,11.877663,32.448727,28.168732,71.178817,89.343818,182.894615,131.180641,174.267725,6.89,28.39,26.55,53.39,41.81,26.55,81.22,48.61,53.29,26.9,54.22,18.54,43.28,83.56,47,44.08,75.45,50.51,74.12,40.84,40.01,36.28,59.59,31.38,62.84,135.47,67,113.44,142.09,59.69,86.686,87.459,75.415,101.02,85.047,78.02,45.807,17.966,18.916,22.509,46.611,58.921,102.23,66.78,106.92,29.4,63.9,78.5,141.4,128.4,66,175.2,174.4,141.9,63.6,97.8,72.5,70.8,138,180.9,77.71,89.61,59.09,52.26,27.71,39.3,39.68,39.56,50.53,99.77,116.2,91.46,88.42,85.63,55.75,74.684,93.331,76.635,93.133,64.772,50.117,30.155,10.615,4.0591,-2.9637,7.9498,29.054,82.769,48.961,124.51,34.2,46.8,58.1,51.5,37.6,32.5,66.1,58.7,50.4,37,43.4,30.3,30.2,43.5,39,90.51,85.39,70.05,33.49,28.6,39.31,47.14,67.27,42.48,61.1,42.2,53.25,79.69,45.96,45.85,47.592916,92.568753,72.49726,106.891413,74.779123,66.842649,48.156981,16.693231,3.96803,-3.860142,-1.597825,33.581855,81.580206,66.808739,129.737745,21.53,30.44,34.53,16.65,14.59,12.55,35.22,68.17,56.09,37.51,20.31,16.95,14.14,18.62,18.26
