Year,Month,Median,2.5 Percentile,97.5 Percentile
1950,1,32.134173,20.656985,43.460719
1950,2,32.587317,20.467109,44.161333
1950,3,21.459165,12.135077,31.142436
1950,4,8.383607,-0.298125,17.529044
1950,5,9.919152,-3.096296,22.85368
1950,6,36.16686,24.389048,47.970944
1950,7,66.014934,52.730093,79.745189
1950,8,102.577522,88.920455,116.709744
1950,9,139.000106,124.608664,154.617112
1950,10,116.485275,101.154845,131.625077
1950,11,177.807452,162.889043,192.701967
1950,12,76.638807,62.077442,90.977602
1951,1,29.0148,17.239419,40.515306
1951,2,12.282915,0.41306,24.552543
1951,3,16.608044,7.159506,26.609923
1951,4,3.528002,-5.21755,12.26351
1951,5,14.989433,2.282373,27.724385
1951,6,33.060272,21.474371,45.055044
1951,7,77.257189,63.129277,91.485273
1951,8,120.600585,106.922642,134.0411
1951,9,165.658667,151.224064,180.398429
1951,10,146.599626,131.455119,161.765528
1951,11,162.157383,147.582232,176.655385
1951,12,75.213603,60.857706,89.585276
1952,1,27.481126,15.709866,39.599238
1952,2,20.67585,8.891939,32.631924
1952,3,19.047344,9.86207,28.727517
1952,4,5.357802,-3.595703,13.89698
1952,5,26.615911,13.465487,39.506055
1952,6,33.747316,22.109949,45.490979
1952,7,96.742721,82.880978,110.119578
1952,8,114.374599,100.422103,128.233269
1952,9,162.082077,147.759301,176.907153
1952,10,221.415011,206.239894,236.17501
1952,11,115.929561,101.082167,130.745394
1952,12,73.090375,58.845157,87.601485
1953,1,32.086747,20.666229,43.620824
1953,2,30.60595,18.873,42.016467
1953,3,19.850576,9.947562,29.077825
1953,4,13.868374,5.260576,22.737156
1953,5,13.791597,1.170665,26.697898
1953,6,29.59987,17.577858,40.651761
1953,7,89.846358,76.314071,103.741395
1953,8,113.89042,99.134624,127.14456
1953,9,181.180001,166.786507,195.59468
1953,10,139.450156,124.614072,154.913011
1953,11,141.712674,127.506378,155.695258
1953,12,115.967904,101.792046,130.240167
1954,1,40.763115,28.77952,52.021722
1954,2,15.157546,3.558889,27.027628
1954,3,24.531299,14.652354,34.099023
1954,4,4.056159,-5.007952,13.048088
1954,5,31.373072,18.108286,43.620961
1954,6,34.334869,22.795734,46.058952
1954,7,82.99491,69.504784,96.569568
1954,8,125.27992,111.917339,139.473273
1954,9,133.341808,119.036767,148.20375
1954,10,146.918133,132.321802,162.389104
1954,11,130.411759,115.34264,144.564724
1954,12,89.214437,75.404492,103.308893
1955,1,39.200412,27.633876,50.584866
1955,2,17.506689,5.557558,29.433574
1955,3,20.113582,10.298957,29.439674
1955,4,2.798247,-5.920081,11.778397
1955,5,29.188388,17.021778,42.551957
1955,6,45.342957,33.800305,56.480701
1955,7,78.694466,65.744104,92.662043
1955,8,132.359871,119.227395,145.982129
1955,9,164.063464,150.02331,178.251697
1955,10,183.190935,167.723701,197.740281
1955,11,171.804427,156.893557,186.090981
1955,12,78.16785,63.794122,92.20067
1956,1,39.402613,27.537807,51.065831
1956,2,23.345739,11.630516,35.748061
1956,3,16.950795,7.525086,26.273745
1956,4,5.479985,-3.350168,14.142093
1956,5,13.471918,-0.096672,26.590226
1956,6,29.82995,17.924138,41.353633
1956,7,67.543591,54.057181,81.029967
1956,8,96.614259,82.349287,110.23322
1956,9,161.786761,147.339398,176.349774
1956,10,125.368249,111.437671,140.160195
1956,11,171.723021,156.955172,186.30533
1956,12,67.579141,53.438128,82.610541
1957,1,40.754586,29.056331,52.67393
1957,2,13.591982,1.509865,25.944741
1957,3,18.488438,8.770763,27.69109
1957,4,4.773267,-3.679742,14.204206
1957,5,25.276095,12.489509,38.025364
1957,6,28.297091,17.103418,40.451177
1957,7,72.708272,59.091077,86.414338
1957,8,131.888137,118.124955,145.2422
1957,9,147.453428,132.640899,161.994813
1957,10,176.592123,161.86136,191.879592
1957,11,135.570096,120.551079,149.250006
1957,12,72.545827,58.312762,86.229986
1958,1,38.991115,27.412729,50.650122
1958,2,33.096162,21.460627,44.493357
1958,3,15.657294,6.068243,25.069575
1958,4,5.086855,-3.777719,13.782355
1958,5,26.607918,13.5499,39.087325
1958,6,40.109692,28.482985,52.160055
1958,7,56.31577,42.145262,69.583654
1958,8,113.511436,100.61286,127.512813
1958,9,128.706676,113.741378,143.649142
1958,10,163.459341,148.800715,177.970529
1958,11,150.605117,136.032882,165.430388
1958,12,90.941371,77.088129,104.904299
1959,1,27.948342,16.628022,39.538851
1959,2,12.460744,0.292334,24.191885
1959,3,14.275558,5.022425,23.964101
1959,4,2.813963,-6.166769,11.618016
1959,5,6.526712,-6.276275,19.424797
1959,6,38.430618,26.28496,50.010899
1959,7,75.032184,61.526972,88.855637
1959,8,92.658574,79.314366,106.383185
1959,9,158.737171,144.866877,172.729139
1959,10,178.328442,164.31988,193.229873
1959,11,150.202223,135.424184,164.79579
1959,12,60.500541,45.720245,74.764486
1960,1,34.649841,23.254789,45.921898
1960,2,29.94271,18.114293,41.912538
1960,3,25.440407,15.7291,34.711995
1960,4,1.404405,-7.46525,10.362338
1960,5,5.887241,-6.416078,19.275437
1960,6,30.465449,18.712171,42.377093
1960,7,77.415156,63.948393,91.133704
1960,8,96.807938,83.231735,110.538305
1960,9,133.465056,118.863139,147.965262
1960,10,193.793109,178.441754,209.375894
1960,11,133.773637,119.854077,148.419548
1960,12,116.184587,103.356118,129.867088
1961,1,30.263998,18.792425,41.490077
1961,2,10.635145,-1.015411,22.899499
1961,3,16.805104,7.462531,26.314743
1961,4,1.959894,-7.359245,10.505875
1961,5,21.721878,8.50412,35.088391
1961,6,31.566101,19.422755,43.266806
1961,7,49.601197,36.335333,62.969178
1961,8,100.745593,86.987141,114.879584
1961,9,147.705781,132.222472,162.132232
1961,10,170.932297,156.262884,186.614194
1961,11,153.645234,138.67889,168.085609
1961,12,105.511697,91.270223,119.572435
1962,1,38.673683,26.987092,50.562616
1962,2,16.748605,5.58625,28.866394
1962,3,13.095049,3.517034,22.965089
1962,4,4.928443,-3.648477,13.78327
1962,5,10.516581,-2.253247,23.918368
1962,6,32.636807,20.794858,44.39391
1962,7,93.70964,80.013723,107.730538
1962,8,102.739809,88.852347,116.542588
1962,9,164.643627,150.141887,178.531294
1962,10,146.750985,131.342518,161.272996
1962,11,114.685321,100.938169,129.848565
1962,12,98.025597,83.954361,112.225362
1963,1,32.311225,20.578664,44.299859
1963,2,18.599909,7.134865,30.22217
1963,3,9.075024,-0.344237,18.893604
1963,4,3.079437,-5.695347,12.067169
1963,5,12.525763,0.253198,24.904693
1963,6,34.431959,22.954506,45.901573
1963,7,73.895606,60.069848,87.577204
1963,8,120.919023,107.496367,135.180464
1963,9,140.772769,126.362304,155.120713
1963,10,116.300904,101.249632,130.481077
1963,11,149.695233,135.565932,164.105732
1963,12,111.807103,97.294007,125.819787
1964,1,32.170356,20.655451,43.712511
1964,2,22.287663,10.917241,34.145561
1964,3,20.188785,10.806863,29.243489
1964,4,5.211971,-3.522503,14.009625
1964,5,24.853289,12.087538,37.330181
1964,6,33.604598,22.017384,44.95742
1964,7,84.686021,71.327383,99.029085
1964,8,126.397449,112.212574,140.485161
1964,9,153.024213,138.084584,167.291833
1964,10,160.017352,145.176267,174.793329
1964,11,124.881185,109.856948,139.017827
1964,12,83.684156,69.875,98.16852
1965,1,42.154509,30.345204,53.812226
1965,2,19.08815,7.627067,30.914963
1965,3,19.039901,9.427908,28.374812
1965,4,3.674582,-5.291782,12.587475
1965,5,9.65101,-2.983851,21.99034
1965,6,38.208134,26.939204,49.77451
1965,7,86.804775,72.621229,100.302001
1965,8,110.934668,97.321403,124.587967
1965,9,109.312606,94.750405,123.453895
1965,10,180.793522,165.206911,195.839219
1965,11,124.375098,109.971944,139.136393
1965,12,67.576788,53.469273,81.413453
1966,1,48.163767,36.227238,59.904855
1966,2,14.017897,2.516587,25.54883
1966,3,15.498455,6.126967,24.91316
1966,4,4.881002,-3.712593,13.752779
1966,5,29.046926,16.178269,41.422186
1966,6,25.691305,13.902332,37.733291
1966,7,93.688596,80.094025,107.750528
1966,8,108.920918,95.93843,122.169618
1966,9,170.290349,155.684129,185.26919
1966,10,165.258639,150.115779,179.757309
1966,11,109.307772,94.833628,124.510455
1966,12,82.812535,68.477059,96.879964
1967,1,32.634369,21.400874,44.193547
1967,2,35.836126,23.558977,47.838398
1967,3,16.333048,7.676852,26.275695
1967,4,3.323074,-5.445871,12.277839
1967,5,19.528943,7.059985,32.579845
1967,6,28.171115,16.502198,40.27979
1967,7,68.233334,54.969706,82.547629
1967,8,117.366497,103.914621,130.953221
1967,9,146.199819,131.688591,161.235539
1967,10,146.281117,130.953947,162.065448
1967,11,138.859309,123.681724,153.231279
1967,12,64.543715,49.905267,79.650284
1968,1,25.464028,13.746624,37.251021
1968,2,20.671782,8.528144,32.038817
1968,3,14.539165,4.979606,24.358823
1968,4,4.8016,-3.866927,13.265746
1968,5,10.787948,-1.63556,23.581793
1968,6,29.514435,17.630137,41.399889
1968,7,67.751078,54.339759,81.927015
1968,8,104.945858,91.357865,118.189532
1968,9,114.683139,100.30698,129.857808
1968,10,167.679218,152.713301,182.301191
1968,11,131.105187,116.322846,145.946074
1968,12,101.33864,87.172933,115.443551
1969,1,30.840198,18.944476,42.490723
1969,2,18.399702,6.909392,29.691501
1969,3,20.793891,11.345286,30.439044
1969,4,-0.723373,-10.253989,8.382025
1969,5,6.881771,-6.367971,19.225701
1969,6,26.358767,14.707879,38.353126
1969,7,49.626204,35.797806,63.439733
1969,8,104.538932,91.330344,118.080741
1969,9,152.056239,137.770373,166.214247
1969,10,175.725787,160.715216,190.698708
1969,11,126.144606,111.715097,141.256061
1969,12,81.954766,67.827128,95.664253
1970,1,29.360848,17.675959,40.909002
1970,2,15.319906,3.624658,26.796
1970,3,15.802032,6.166529,25.506553
1970,4,2.973852,-5.559055,12.097335
1970,5,3.255197,-9.264346,16.505578
1970,6,30.797558,18.641176,42.540198
1970,7,49.306132,35.916268,62.952499
1970,8,114.739693,101.509187,128.304062
1970,9,122.835011,108.371563,137.884089
1970,10,135.078932,119.714375,150.055604
1970,11,151.247698,136.932871,165.86273
1970,12,89.110481,74.434592,103.057693
1971,1,39.620197,28.390853,51.211426
1971,2,10.30295,-1.711864,22.160696
1971,3,17.196403,7.614893,26.447019
1971,4,5.534422,-3.169356,14.589778
1971,5,10.09063,-2.527227,23.340755
1971,6,20.750944,8.697476,32.49583
1971,7,89.664554,75.829209,103.607949
1971,8,97.136451,84.10149,109.98296
1971,9,103.326088,89.036004,118.845627
1971,10,116.614069,101.941789,131.4809
1971,11,176.598188,162.267316,191.385194
1971,12,82.951538,69.108098,97.275349
1972,1,51.36631,40.309894,63.342496
1972,2,21.252999,9.489771,32.857449
1972,3,16.998401,8.120952,26.017691
1972,4,3.205522,-5.731427,12.151602
1972,5,3.817148,-8.175231,16.255502
1972,6,35.502859,23.726708,47.028764
1972,7,50.816138,36.689329,64.410438
1972,8,91.111374,78.013666,104.789399
1972,9,122.854819,108.111845,138.000224
1972,10,165.857872,150.456068,180.827434
1972,11,110.318314,95.978509,124.987469
1972,12,58.31614,43.754164,72.453416
1973,1,31.677766,19.61595,43.353091
1973,2,27.833643,16.265635,40.278583
1973,3,7.098167,-2.270943,16.508275
1973,4,5.336879,-3.271071,14.205489
1973,5,14.842323,1.68495,27.063745
1973,6,20.378827,8.633612,32.541712
1973,7,70.288993,56.916031,84.147857
1973,8,93.479431,80.149898,107.391253
1973,9,164.379705,149.861944,179.532567
1973,10,144.723692,129.498359,160.08376
1973,11,149.450797,134.876905,164.264817
1973,12,98.377059,83.946328,112.318912
1974,1,27.031748,15.322832,38.608349
1974,2,26.282261,14.253674,38.063627
1974,3,18.099778,8.935484,27.540227
1974,4,3.872687,-4.709098,12.899126
1974,5,15.67523,2.719014,27.669136
1974,6,32.550185,20.991049,44.520672
1974,7,72.20955,58.970064,85.194358
1974,8,100.608412,86.506955,114.192963
1974,9,160.798773,146.447819,175.296877
1974,10,149.089384,134.390982,163.792526
1974,11,113.787385,99.360712,128.454575
1974,12,74.416948,60.522116,88.455482
1975,1,32.339192,21.10136,43.926367
1975,2,23.224398,11.34369,34.903538
1975,3,21.932513,12.262272,31.069145
1975,4,9.11995,0.226287,17.700667
1975,5,2.215563,-9.805087,14.997949
1975,6,22.97462,11.202975,34.733596
1975,7,86.397738,72.491489,99.987374
1975,8,96.184583,83.009444,109.86169
1975,9,164.35816,150.016111,179.275407
1975,10,137.2505,122.148296,152.701938
1975,11,115.399316,100.61977,129.715159
1975,12,93.116198,78.484198,106.962277
1976,1,33.930024,21.70685,45.784842
1976,2,6.385908,-5.680166,18.049973
1976,3,14.338244,4.846189,24.094002
1976,4,7.317244,-1.439484,16.119395
1976,5,21.319777,8.021979,34.071681
1976,6,24.963915,13.10361,36.411402
1976,7,66.497388,52.667767,80.132917
1976,8,118.121688,103.897474,131.772346
1976,9,155.116833,140.707732,170.185383
1976,10,181.082997,165.768693,196.341316
1976,11,143.940292,129.582192,158.475266
1976,12,69.024543,54.55738,84.600415
1977,1,24.186326,12.613338,35.71107
1977,2,15.028536,3.422856,27.174861
1977,3,14.333136,4.825624,23.839327
1977,4,0.860642,-7.842939,9.918983
1977,5,6.607001,-5.493744,19.409005
1977,6,31.835129,20.685747,43.066433
1977,7,63.952971,50.373032,77.359442
1977,8,102.334124,88.65835,115.410356
1977,9,120.898143,105.78815,135.66813
1977,10,182.0373,167.862478,197.106613
1977,11,125.598765,111.348322,139.847294
1977,12,79.158337,64.547753,93.342638
1978,1,29.305525,17.434873,40.611234
1978,2,10.75015,-1.043448,22.677837
1978,3,10.805404,1.309617,20.746457
1978,4,3.567955,-5.424251,12.309242
1978,5,-3.198424,-16.003862,9.702011
1978,6,20.01801,8.422263,31.965451
1978,7,63.746855,49.616841,76.977197
1978,8,87.024343,73.427292,100.512153
1978,9,135.11785,120.157247,148.988469
1978,10,164.33985,149.020889,179.526374
1978,11,127.162601,112.952609,141.554328
1978,12,90.225406,75.508702,104.964766
1979,1,32.671342,20.918753,44.74687
1979,2,8.812494,-3.614055,19.954806
1979,3,13.378804,4.198296,22.566482
1979,4,0.02947,-9.064162,8.857108
1979,5,8.966175,-4.03781,21.414754
1979,6,29.882898,18.093201,42.035739
1979,7,52.900376,39.6723,66.922377
1979,8,108.627653,94.753812,122.452425
1979,9,128.868962,114.102221,143.772711
1979,10,169.715333,154.21198,185.112337
1979,11,116.814917,102.688485,131.826613
1979,12,80.103715,65.681088,94.160637
1980,1,43.332042,31.666566,54.779982
1980,2,28.540188,16.898616,40.662389
1980,3,14.098513,4.886029,23.891719
1980,4,1.392537,-7.60595,10.483808
1980,5,6.818784,-5.479568,20.13359
1980,6,37.814509,25.835303,49.940295
1980,7,53.502766,39.095731,67.092107
1980,8,80.778754,67.496045,95.024562
1980,9,164.499063,149.522314,179.41091
1980,10,217.173404,202.080708,232.052061
1980,11,130.595594,115.535133,144.739224
1980,12,80.734897,66.901502,94.988123
1981,1,31.523076,20.423003,42.808443
1981,2,9.895709,-2.268636,21.87365
1981,3,19.154297,9.699793,28.864413
1981,4,3.305841,-5.772386,12.035157
1981,5,13.998273,1.430811,26.984233
1981,6,27.501298,15.027013,39.76147
1981,7,74.856375,61.54798,88.400852
1981,8,96.70766,83.037697,110.585664
1981,9,169.803666,155.377552,185.081132
1981,10,165.38297,150.02034,180.312675
1981,11,121.252021,105.84276,135.422826
1981,12,87.594295,73.657016,101.734196
1982,1,35.861906,23.751111,47.001213
1982,2,12.82811,0.825505,24.748973
1982,3,13.430878,4.32245,22.696353
1982,4,4.547813,-4.160185,13.552176
1982,5,0.762252,-11.860124,12.918797
1982,6,29.80174,17.907868,41.50081
1982,7,60.848603,47.050596,74.580641
1982,8,126.490658,112.773092,139.458825
1982,9,117.865998,103.033062,132.24335
1982,10,150.988608,136.068012,165.524677
1982,11,141.174603,125.548801,155.216696
1982,12,80.557237,65.816675,94.425447
1983,1,44.305274,32.27355,55.884028
1983,2,27.202189,15.200203,39.15097
1983,3,21.12263,11.687671,30.578756
1983,4,9.193414,-0.166881,17.946958
1983,5,23.845041,10.955642,36.706106
1983,6,30.806282,18.741225,42.787952
1983,7,69.348019,55.00652,82.617318
1983,8,110.02888,96.853513,123.302219
1983,9,193.681749,178.702987,208.082942
1983,10,186.650155,171.325145,201.399442
1983,11,131.638127,117.19538,145.938334
1983,12,111.729185,97.372766,126.117355
1984,1,24.356614,13.182518,35.955478
1984,2,9.48053,-2.064412,21.241675
1984,3,20.149766,10.474189,29.384814
1984,4,6.258496,-2.545885,15.728001
1984,5,22.835256,9.598751,35.819889
1984,6,27.641664,16.407244,39.254832
1984,7,77.671837,64.270066,90.630885
1984,8,102.956571,89.656793,116.626435
1984,9,147.390999,132.891038,161.53087
1984,10,110.774689,95.969601,126.153279
1984,11,176.735107,161.454001,191.142669
1984,12,78.506321,64.288647,92.574739
1985,1,50.147859,38.81729,61.423983
1985,2,10.971074,-1.011733,22.189037
1985,3,10.860755,1.053601,19.877449
1985,4,4.512739,-4.106767,13.317519
1985,5,22.342153,8.960961,35.104882
1985,6,47.170581,35.485556,58.874407
1985,7,73.886628,60.713152,87.250472
1985,8,113.585649,99.730823,127.421353
1985,9,145.418227,130.403153,160.235817
1985,10,162.924069,147.272216,177.371492
1985,11,121.082209,105.75711,135.534319
1985,12,132.562105,118.654415,146.83833
1986,1,25.070737,13.395775,36.319926
1986,2,11.669765,0.078547,23.519888
1986,3,12.412185,2.681369,22.192694
1986,4,1.39825,-7.800828,10.873671
1986,5,0.779063,-11.733342,13.424995
1986,6,29.545402,17.584191,40.995496
1986,7,52.500992,39.302921,66.862077
1986,8,134.700638,120.214772,148.696126
1986,9,95.673305,80.861434,110.494155
1986,10,155.532545,140.137297,170.092253
1986,11,147.402504,132.770874,161.821141
1986,12,71.187537,57.097222,85.949194
1987,1,39.885262,27.714214,51.150723
1987,2,25.717778,14.296835,37.05059
1987,3,19.422959,10.013214,28.72916
1987,4,4.933484,-4.160949,13.726328
1987,5,16.872685,4.584257,29.55907
1987,6,42.609065,30.960806,55.063446
1987,7,69.501017,55.815081,83.065354
1987,8,146.509412,132.707884,160.106979
1987,9,124.232743,110.022226,138.673771
1987,10,199.803042,184.575645,214.382005
1987,11,120.469974,105.861012,134.944233
1987,12,89.714956,75.793318,104.298879
1988,1,42.680908,30.876234,53.917994
1988,2,24.253953,12.363337,35.792608
1988,3,19.903127,10.893705,29.556317
1988,4,4.138901,-4.621389,13.071993
1988,5,12.010127,-0.834038,24.757251
1988,6,53.008375,41.58376,64.317192
1988,7,55.227062,41.918513,69.754897
1988,8,131.432247,118.295081,145.296345
1988,9,154.404631,140.20317,170.18086
1988,10,219.51862,203.315841,234.308048
1988,11,114.01326,99.99296,129.594483
1988,12,92.222536,78.455493,106.341375
1989,1,33.679401,22.231437,45.200569
1989,2,36.378634,25.12476,48.720008
1989,3,18.723534,9.384356,28.232782
1989,4,5.083215,-3.681473,14.041769
1989,5,2.650662,-9.3216,15.17485
1989,6,21.689275,9.685504,33.342696
1989,7,63.558179,49.279271,77.071208
1989,8,111.378254,97.843446,125.526155
1989,9,158.574345,143.189107,172.404951
1989,10,159.115099,143.809077,173.724594
1989,11,171.038315,156.082698,185.27578
1989,12,82.004618,67.907549,96.101307
1990,1,19.164842,7.063511,31.064532
1990,2,14.1141,1.813269,25.741682
1990,3,17.958744,8.350343,27.186811
1990,4,5.742843,-3.329139,14.276506
1990,5,21.708317,8.982049,34.127784
1990,6,31.601619,19.881602,43.618898
1990,7,69.736114,56.163177,83.577116
1990,8,96.528397,82.474169,109.56747
1990,9,171.410317,155.632934,185.484338
1990,10,171.949417,156.458721,186.750543
1990,11,124.622382,110.158442,139.428599
1990,12,83.259948,68.769533,98.183527
1991,1,46.320395,34.532166,57.841981
1991,2,19.022465,7.07164,30.722107
1991,3,14.4968,5.218972,24.800685
1991,4,3.682913,-4.763589,12.571248
1991,5,13.957491,1.202381,26.550216
1991,6,49.453286,37.933458,61.60246
1991,7,103.591023,90.002793,118.249984
1991,8,111.09961,96.958285,124.574911
1991,9,213.770156,199.339381,228.035111
1991,10,154.336912,139.552595,168.997897
1991,11,151.021811,136.382525,165.801057
1991,12,83.915713,69.634995,97.915038
1992,1,35.807787,23.961247,47.351087
1992,2,19.334765,7.405701,30.718176
1992,3,21.923236,12.261521,31.259149
1992,4,3.531224,-4.930502,12.192551
1992,5,22.425888,10.21455,34.909576
1992,6,42.365108,30.333221,54.106488
1992,7,62.581019,49.40135,76.29268
1992,8,103.655287,89.738839,116.698619
1992,9,137.901846,122.922166,152.737555
1992,10,167.704305,151.757663,182.711503
1992,11,123.49617,108.461923,138.233539
1992,12,81.978899,67.702982,96.398487
1993,1,33.921261,22.232243,45.00341
1993,2,29.377702,17.489714,41.046659
1993,3,13.555569,3.617413,22.841758
1993,4,1.480017,-7.413655,10.359146
1993,5,10.635712,-2.576946,23.522955
1993,6,19.58019,7.842517,30.938978
1993,7,65.428655,52.315866,79.377244
1993,8,90.695999,76.872374,104.307193
1993,9,212.027244,197.107344,226.91381
1993,10,172.73372,157.881352,188.140819
1993,11,120.022906,105.59405,134.317351
1993,12,89.344604,75.393796,103.706455
1994,1,34.767343,23.30607,46.198439
1994,2,15.217038,2.569488,27.335113
1994,3,13.293725,4.029627,22.879067
1994,4,0.788008,-7.923187,9.574073
1994,5,11.939108,-0.256644,24.61027
1994,6,23.561801,11.376977,35.234171
1994,7,55.185222,41.659931,68.648785
1994,8,104.858476,90.582648,118.512643
1994,9,139.606348,125.253036,154.150926
1994,10,158.540611,143.924458,173.199105
1994,11,170.370073,156.068438,184.941757
1994,12,73.996808,59.776166,88.337566
1995,1,48.522365,37.427931,60.465837
1995,2,31.980975,19.664532,44.516255
1995,3,16.859402,7.425654,26.18992
1995,4,7.027751,-2.081304,15.917817
1995,5,11.374321,-1.395945,23.835479
1995,6,24.296246,12.932288,36.530628
1995,7,60.913546,47.950418,74.682708
1995,8,110.446899,96.701182,124.070396
1995,9,188.105149,173.836358,202.34633
1995,10,182.863536,167.084248,197.66856
1995,11,165.402057,150.648624,180.127802
1995,12,84.473976,70.541129,98.829831
1996,1,33.640015,22.052688,45.668539
1996,2,16.492663,4.593998,28.664171
1996,3,18.243669,8.800302,27.730981
1996,4,3.957789,-5.020706,13.030551
1996,5,-2.988527,-16.052377,10.013638
1996,6,4.881864,-6.830151,16.509667
1996,7,63.52727,49.833708,76.966551
1996,8,89.158518,75.920526,102.827102
1996,9,146.820902,131.237053,160.935092
1996,10,160.506999,145.849357,175.71914
1996,11,148.34386,133.553176,162.086473
1996,12,65.683267,51.083276,79.874985
1997,1,43.321351,31.846319,55.365588
1997,2,7.028132,-4.884079,19.062856
1997,3,17.671906,8.586802,26.954686
1997,4,7.596549,-1.264843,16.534052
1997,5,14.182465,1.448199,26.845458
1997,6,13.386576,1.995609,25.269656
1997,7,73.712187,60.17679,87.475864
1997,8,108.807269,94.599249,122.053704
1997,9,139.305173,124.987649,154.02704
1997,10,170.054387,154.854375,185.321958
1997,11,133.995997,119.950989,147.905193
1997,12,68.878002,55.225445,83.42417
1998,1,22.816415,10.917611,34.543126
1998,2,13.344929,0.796567,24.944295
1998,3,20.842399,11.276386,30.626338
1998,4,8.644112,-0.090328,17.299038
1998,5,21.014419,8.377916,33.93856
1998,6,49.099944,37.313067,60.73084
1998,7,107.540247,94.086493,121.433287
1998,8,120.891458,106.899568,134.626135
1998,9,164.712073,150.104143,179.883572
1998,10,195.176501,179.930586,209.287852
1998,11,157.033402,142.515327,171.807071
1998,12,112.636564,98.310652,126.464062
1999,1,41.266902,29.488444,52.80712
1999,2,24.451506,13.245354,36.109458
1999,3,22.750836,13.303891,31.709485
1999,4,8.01755,-0.761149,16.831171
1999,5,32.026067,19.314058,44.586942
1999,6,45.962598,34.023105,57.663619
1999,7,82.896029,68.977664,96.525276
1999,8,157.503309,143.59173,171.650277
1999,9,174.767733,160.119775,189.381301
1999,10,196.616004,180.928733,211.632353
1999,11,130.57922,116.546542,145.669021
1999,12,109.34664,95.413405,123.682924
2000,1,45.373051,34.12742,56.402153
2000,2,18.176973,6.084334,30.22928
2000,3,16.35236,6.920374,25.90036
2000,4,8.064863,-1.022496,16.563368
2000,5,21.557685,8.662519,34.424267
2000,6,32.066959,20.27252,43.921602
2000,7,80.218862,65.934717,93.990841
2000,8,106.853924,92.92295,120.837786
2000,9,193.481536,178.746715,208.280812
2000,10,129.056006,114.734903,144.327909
2000,11,167.667141,152.736189,182.518697
2000,12,98.539754,84.036112,112.602751
2001,1,24.780127,13.264113,35.917989
2001,2,16.776283,5.0811,28.878155
2001,3,16.504268,6.902559,25.811859
2001,4,3.251006,-5.768602,12.112657
2001,5,16.077023,3.945205,28.796759
2001,6,28.08413,16.482514,40.117968
2001,7,96.190224,82.246658,109.971484
2001,8,117.199066,103.678545,130.892338
2001,9,175.559741,161.358293,190.67551
2001,10,189.188522,174.101405,204.096153
2001,11,92.207059,77.960897,107.405734
2001,12,107.686175,94.135059,122.361674
2002,1,32.028609,20.612415,43.184345
2002,2,38.022445,26.765758,49.671113
2002,3,25.36333,15.950531,34.948931
2002,4,9.578849,0.678862,18.209305
2002,5,29.431597,16.815949,41.855758
2002,6,26.281391,14.445082,37.892232
2002,7,93.374626,79.466495,107.070947
2002,8,128.763298,115.426151,141.972384
2002,9,146.207681,132.066459,160.513294
2002,10,224.06839,208.654122,238.381657
2002,11,153.34784,139.251627,168.316936
2002,12,80.580872,66.323702,94.151726
2003,1,36.799662,25.404759,48.198237
2003,2,14.360262,2.466028,25.639427
2003,3,13.214904,3.874341,22.595761
2003,4,1.906008,-6.923612,11.030465
2003,5,-1.824314,-14.491844,10.75993
2003,6,21.424566,10.077907,33.129605
2003,7,59.8246,46.440195,73.99533
2003,8,96.016935,82.758171,109.357624
2003,9,175.205905,160.451628,189.861848
2003,10,168.619419,153.681209,183.306975
2003,11,123.959239,109.318215,138.673228
2003,12,89.008149,74.939041,102.616892
2004,1,43.466898,31.399419,54.949077
2004,2,16.550629,5.146815,28.326036
2004,3,11.781029,2.662676,21.028697
2004,4,5.373215,-3.541915,14.446376
2004,5,9.37496,-3.639928,21.563091
2004,6,41.624543,29.137835,53.266
2004,7,72.651963,59.408191,86.70626
2004,8,106.006589,92.786791,120.783276
2004,9,131.179077,116.601558,146.129857
2004,10,170.094266,155.000397,184.897152
2004,11,132.331933,118.727322,146.610883
2004,12,106.886411,92.707359,120.66476
2005,1,31.630062,19.855285,43.189204
2005,2,12.391132,1.114958,24.372069
2005,3,16.942311,7.833679,26.207963
2005,4,2.919372,-5.945434,11.739983
2005,5,23.345982,10.837613,36.045023
2005,6,32.332928,20.776566,43.9436
2005,7,90.27051,77.241987,103.381377
2005,8,128.404235,114.396779,142.139249
2005,9,151.029979,136.559894,165.707087
2005,10,197.98095,183.026328,212.672228
2005,11,165.043187,150.879899,179.65939
2005,12,84.339034,70.620411,97.848552
2006,1,23.328193,11.794981,34.810604
2006,2,35.051077,22.983224,47.017065
2006,3,21.923741,12.576517,31.479825
2006,4,8.821485,0.245998,17.826496
2006,5,28.471872,16.369974,41.151661
2006,6,43.976885,32.482854,55.278557
2006,7,68.288901,54.914274,81.484237
2006,8,135.377112,121.523079,149.36563
2006,9,177.34172,161.773921,191.794117
2006,10,188.791919,173.513948,204.177548
2006,11,75.270334,61.226644,89.749252
2006,12,86.0274,71.575932,99.791345
2007,1,45.668029,33.920809,57.079844
2007,2,32.314002,20.4072,44.28815
2007,3,17.101636,7.541225,26.286005
2007,4,6.547654,-2.097078,15.466545
2007,5,16.538537,3.969568,29.326072
2007,6,49.238626,38.09683,60.284325
2007,7,95.62946,82.054703,108.619557
2007,8,112.379266,99.13958,125.856208
2007,9,139.681051,125.47054,154.507347
2007,10,173.405607,159.469598,187.834948
2007,11,181.797097,167.031498,195.881551
2007,12,83.892605,70.109275,97.771864
2008,1,41.609258,29.937013,52.986675
2008,2,18.883459,7.249917,30.18426
2008,3,14.024908,5.096545,23.041309
2008,4,1.249096,-7.399741,10.276701
2008,5,24.644544,12.392274,37.931703
2008,6,28.686778,17.366779,40.610173
2008,7,70.854875,57.08568,84.351744
2008,8,129.871779,116.494049,143.117264
2008,9,135.572719,120.435197,150.092664
2008,10,213.920083,199.439349,228.418097
2008,11,135.553071,121.266374,149.159122
2008,12,77.078878,63.351174,91.339471
2009,1,34.688042,22.996751,45.994881
2009,2,8.62863,-2.83675,20.750966
2009,3,17.3399,8.134225,26.503443
2009,4,6.067029,-3.016255,14.985937
2009,5,15.915158,3.856597,28.2772
2009,6,33.080539,21.549685,44.515309
2009,7,78.830418,65.508116,92.051877
2009,8,110.831899,97.143578,124.644613
2009,9,146.756123,132.99403,161.843129
2009,10,172.572859,157.603527,186.732915
2009,11,107.183794,93.303614,121.093856
2009,12,108.454345,94.261405,122.225068
2010,1,37.753974,25.925183,49.026254
2010,2,22.992258,11.639688,34.352403
2010,3,11.848047,2.634387,21.320905
2010,4,6.820691,-1.818135,15.577489
2010,5,17.590064,4.863959,30.020814
2010,6,41.585078,29.960225,52.895902
2010,7,81.796908,68.093471,95.210369
2010,8,122.757023,109.326144,136.319238
2010,9,185.964558,171.671413,200.243125
2010,10,186.038059,171.614202,200.308036
2010,11,138.429232,124.48109,153.240876
2010,12,103.617193,89.473979,117.136439
2011,1,36.378341,24.830263,47.805695
2011,2,20.204504,9.094109,31.66446
2011,3,13.597295,4.243516,23.052646
2011,4,-1.440854,-10.147085,6.955757
2011,5,-5.038121,-17.661166,7.596159
2011,6,32.84602,21.686441,44.442955
2011,7,60.44988,47.409119,73.79371
2011,8,141.880624,128.106124,155.484775
2011,9,133.465648,119.490385,147.30291
2011,10,177.766837,162.45582,192.546827
2011,11,128.15964,114.11302,142.475179
2011,12,81.973974,68.251725,96.017275
2012,1,31.427545,20.024663,42.825875
2012,2,21.755159,10.437118,33.268888
2012,3,18.921546,9.752266,28.529145
2012,4,21.433171,11.723165,29.821902
2012,5,27.600607,15.536712,40.107049
2012,6,58.026507,46.952235,68.902126
2012,7,95.326346,81.768711,108.274945
2012,8,120.939377,107.252454,134.557224
2012,9,155.768894,142.128688,169.88592
2012,10,159.161048,144.856842,174.149221
2012,11,114.478203,100.984521,128.479392
2012,12,71.985957,57.988391,85.550579
2013,1,39.696872,29.23554,51.284746
2013,2,13.195554,1.254311,24.250327
2013,3,22.584609,13.592716,31.932101
2013,4,6.835919,-2.077719,15.509481
2013,5,31.86753,19.555243,44.634005
2013,6,25.749407,14.019696,37.27627
2013,7,77.958026,64.183329,91.097109
2013,8,95.783385,82.586303,109.085323
2013,9,141.612551,127.18101,155.619512
2013,10,133.992518,119.778461,149.322834
2013,11,150.721572,135.928133,165.249882
2013,12,80.362774,66.084682,94.245205
2014,1,39.532473,27.766274,50.984151
2014,2,19.611434,7.932122,31.178671
2014,3,13.09241,3.599649,21.980989
2014,4,-2.265537,-11.096631,6.224633
2014,5,5.853615,-6.673436,18.64493
2014,6,39.475791,28.044053,50.650863
2014,7,92.598616,78.935762,106.393183
2014,8,97.032773,83.599941,110.246766
2014,9,116.523314,101.833806,131.05128
2014,10,132.795701,118.136273,147.139118
2014,11,152.700447,138.607248,166.865013
2014,12,69.96619,56.267339,83.746045
2015,1,40.615404,29.532025,52.196701
2015,2,33.342102,21.719177,45.743128
2015,3,16.767743,7.753014,26.279202
2015,4,5.274491,-3.671844,14.090193
2015,5,9.611722,-3.616612,22.262
2015,6,21.264072,9.146723,32.426807
2015,7,68.819152,55.115235,82.530051
2015,8,113.049535,99.796282,125.940885
2015,9,151.828708,137.50086,166.020958
2015,10,183.653942,169.086209,198.111658
2015,11,135.730536,121.371547,149.446987
2015,12,84.799185,70.519116,98.553521
2016,1,35.04203,23.729915,46.578251
2016,2,19.705215,8.374178,31.294353
2016,3,13.329648,4.397763,22.579189
2016,4,13.384451,4.497415,22.375463
2016,5,26.744202,13.568783,39.754541
2016,6,57.442629,47.204795,67.986903
2016,7,77.047126,64.657171,88.392277
2016,8,107.737896,96.145659,119.400744
2016,9,142.557243,130.267847,154.504662
2016,10,163.783285,151.278588,176.665149
2016,11,142.558414,129.079384,154.769395
2016,12,109.276993,96.933955,121.464946
2017,1,31.552333,20.992012,42.026409
2017,2,28.55906,18.208548,39.229669
2017,3,22.11684,13.042875,30.789222
2017,4,1.8183,-6.410451,10.119851
2017,5,24.266195,12.669485,35.002917
2017,6,45.952432,35.209779,56.069426
2017,7,72.825036,60.841803,84.364581
2017,8,111.425491,99.964076,123.086522
2017,9,108.335985,95.371039,120.985183
2017,10,153.543593,141.575875,166.525562
2017,11,135.034968,122.466004,147.245717
2017,12,109.00762,96.421976,121.703071
2018,1,28.312513,21.012146,36.15493
2018,2,7.744665,-0.925626,15.292966
2018,3,30.792099,22.73598,38.470753
2018,4,14.211352,7.224052,20.54933
2018,5,4.376041,-3.218163,12.775105
2018,6,38.433897,31.028125,46.587366
2018,7,92.438064,83.364138,101.132113
2018,8,102.254467,93.935012,111.584055
2018,9,120.8274,111.272227,129.893355
2018,10,174.631654,164.694563,184.258799
2018,11,127.745307,118.298833,137.277626
2018,12,47.418661,38.192268,56.909604
2019,1,55.396773,47.509819,62.717468
2019,2,14.23633,6.870286,22.906718
2019,3,16.185319,9.815106,22.674313
2019,4,0.476869,-5.436025,7.256806
2019,5,13.213217,5.083318,20.951598
2019,6,36.173121,26.309543,44.161757
2019,7,78.289264,69.210813,87.03473
2019,8,132.508513,124.243498,141.648254
2019,9,112.260592,103.310491,121.861173
2019,10,159.602838,149.718329,170.261532
2019,11,142.364427,132.538379,151.978588
2019,12,65.06159,55.845037,75.610548
2020,1,26.512471,19.300741,34.085535
2020,2,33.427219,26.040258,40.891245
2020,3,10.48278,4.144805,17.401941
2020,4,22.028244,15.425027,28.108777
2020,5,34.068269,25.431508,41.618401
2020,6,44.015246,36.58761,51.446265
2020,7,79.457374,71.055269,89.018717
2020,8,120.619078,112.298178,129.758594
2020,9,153.574002,143.225854,163.11416
2020,10,157.686459,147.797254,167.352193
2020,11,124.818908,115.371668,134.481427
2020,12,90.643336,80.775967,99.331448
2021,1,37.259392,30.20142,45.029373
2021,2,32.591219,25.222662,40.156461
2021,3,16.869302,10.334558,24.045435
2021,4,11.877663,5.642287,18.544417
2021,5,32.448727,24.672748,41.253726
2021,6,28.168732,20.626025,36.619989
2021,7,71.178817,60.932082,80.610261
2021,8,89.343818,78.772747,99.338109
2021,9,182.894615,172.32923,193.692783
2021,10,131.180641,119.131739,141.728188
2021,11,174.267725,162.668056,184.481639
2021,12,72.689315,62.362747,83.061474
2022,1,64.659862,54.980039,72.600001
2022,2,18.166622,9.202879,26.554784
2022,3,17.165135,6.671136,27.743435
2022,4,5.435081,-4.455079,15.561565
